Name,Maths,Reading,Writing,Parents Name,Parents Education,Sleep Time,Social Media,Food,Test Prep,Gender,Parental Involvement Insights,Overall Performance,Parent Education Level,Sleep Category,Social Media Category,Normalized Maths,Normalized Reading,Normalized Writing,Performance Category
451,83,93,95,631,4.0,6,0.0,1,0,1,1,90.33333333333331,1,0,0,0.8300000000000001,0.9156626506024098,0.9444444444444444,1
500,61,68,66,904,3.0,7,0.0,2,0,1,2,65.0,1,1,0,0.61,0.6144578313253013,0.6222222222222222,0
799,76,70,69,187,1.0,8,0.0,1,1,1,10,71.66666666666667,0,1,0,0.76,0.6385542168674699,0.6555555555555556,0
695,49,51,43,46,2.0,7,0.0,1,0,1,11,47.66666666666666,0,1,0,0.49,0.4096385542168674,0.3666666666666667,2
950,24,38,27,599,1.0,6,0.0,2,0,1,12,29.666666666666668,0,0,0,0.24,0.2530120481927711,0.1888888888888888,2
671,35,55,60,633,1.0,8,0.0,2,1,0,13,50.0,0,1,0,0.35,0.4578313253012048,0.5555555555555556,2
244,58,61,52,469,2.0,7,0.0,2,0,1,4,57.0,0,1,0,0.58,0.5301204819277109,0.4666666666666667,0
511,61,73,63,745,2.0,8,0.0,1,0,1,9,65.66666666666667,0,1,0,0.61,0.674698795180723,0.5888888888888889,0
794,69,76,74,269,2.0,6,0.0,1,1,1,3,73.0,0,0,0,0.6900000000000001,0.710843373493976,0.7111111111111111,0
177,67,72,67,63,2.0,7,0.0,1,1,1,5,68.66666666666667,0,1,0,0.67,0.6626506024096386,0.6333333333333333,0
897,79,73,67,830,3.0,8,0.0,1,0,1,7,73.0,1,1,0,0.79,0.674698795180723,0.6333333333333333,0
190,72,80,75,567,2.0,7,0.0,1,0,1,14,75.66666666666667,0,1,0,0.72,0.7590361445783133,0.7222222222222222,1
234,62,61,57,564,3.0,8,0.0,1,0,1,6,60.0,1,1,0,0.62,0.5301204819277109,0.5222222222222221,0
676,77,94,95,497,4.0,6,0.0,1,1,1,8,88.66666666666667,1,0,0,0.77,0.927710843373494,0.9444444444444444,1
304,75,74,66,698,2.0,8,0.0,2,0,0,0,71.66666666666667,0,1,0,0.75,0.6867469879518073,0.6222222222222222,0
754,87,74,76,846,2.0,7,0.0,1,0,0,1,79.0,0,1,0,0.87,0.6867469879518073,0.7333333333333333,1
474,52,65,69,69,4.0,6,0.0,1,0,0,2,62.0,1,0,0,0.52,0.5783132530120483,0.6555555555555556,0
63,66,57,52,235,3.0,9,0.0,1,0,1,10,58.333333333333336,1,2,0,0.66,0.4819277108433735,0.4666666666666667,0
368,63,78,80,84,3.0,7,0.0,1,1,1,11,73.66666666666667,1,1,0,0.63,0.7349397590361446,0.7777777777777778,0
608,46,58,57,432,2.0,8,0.0,1,0,0,12,53.66666666666666,0,1,0,0.46,0.4939759036144578,0.5222222222222221,0
87,59,71,70,729,3.0,9,0.0,1,0,0,13,66.66666666666667,1,2,0,0.59,0.6506024096385543,0.6666666666666666,0
272,61,72,70,306,4.0,7,0.0,1,0,1,4,67.66666666666667,1,1,0,0.61,0.6626506024096386,0.6666666666666666,0
758,63,61,61,574,2.0,8,0.0,1,0,1,9,61.66666666666666,0,1,0,0.63,0.5301204819277109,0.5666666666666667,0
664,42,66,69,703,3.0,9,0.0,2,1,1,3,59.0,1,2,0,0.42,0.5903614457831325,0.6555555555555556,0
49,59,62,61,449,3.0,5,0.0,2,0,1,5,60.66666666666666,1,0,0,0.59,0.5421686746987953,0.5666666666666667,0
874,80,90,89,509,3.0,7,0.0,1,0,1,7,86.33333333333333,1,1,0,0.8,0.8795180722891568,0.8777777777777778,1
558,58,62,59,827,2.0,8,0.0,1,0,1,14,59.66666666666666,0,1,0,0.58,0.5421686746987953,0.5444444444444444,0
293,85,84,78,297,1.0,9,0.0,1,1,1,6,82.33333333333333,0,2,0,0.85,0.8072289156626508,0.7555555555555555,1
513,52,58,58,597,3.0,7,0.0,1,0,1,8,56.0,1,1,0,0.52,0.4939759036144578,0.5333333333333333,0
652,27,34,32,257,1.0,8,0.0,2,0,0,0,31.0,0,1,0,0.27,0.2048192771084337,0.2444444444444444,2
127,59,60,58,538,3.0,7,0.0,1,0,1,1,59.0,1,1,0,0.59,0.5180722891566265,0.5333333333333333,0
561,49,58,60,322,4.0,5,0.0,2,1,1,2,55.66666666666666,1,0,0,0.49,0.4939759036144578,0.5555555555555556,0
481,69,58,53,608,2.0,6,0.0,1,1,0,10,60.0,0,0,0,0.6900000000000001,0.4939759036144578,0.4777777777777778,0
835,61,66,61,446,4.0,7,0.0,2,0,0,11,62.66666666666666,1,1,0,0.61,0.5903614457831325,0.5666666666666667,0
878,44,64,58,358,1.0,8,0.0,2,0,0,12,55.333333333333336,0,1,0,0.44,0.5662650602409639,0.5333333333333333,0
900,73,84,85,318,1.0,5,0.0,1,0,1,13,80.66666666666667,0,0,0,0.73,0.8072289156626508,0.8333333333333334,1
278,84,77,71,466,3.0,6,0.0,1,0,0,4,77.33333333333333,1,0,0,0.84,0.7228915662650603,0.6777777777777778,1
460,45,73,70,814,3.0,9,0.0,2,1,1,9,62.66666666666666,1,2,0,0.45,0.674698795180723,0.6666666666666666,0
808,74,74,72,886,1.0,7,0.0,1,0,1,3,73.33333333333333,0,1,0,0.74,0.6867469879518073,0.6888888888888889,0
411,82,97,96,549,3.0,6,0.0,1,1,0,5,91.66666666666669,1,0,0,0.8200000000000001,0.9638554216867472,0.9555555555555556,1
823,59,70,73,629,4.0,9,0.0,1,0,1,7,67.33333333333333,1,2,0,0.59,0.6385542168674699,0.7,0
471,46,43,41,577,2.0,7,0.0,2,0,1,14,43.333333333333336,0,1,0,0.46,0.3132530120481928,0.3444444444444444,2
535,80,90,82,308,1.0,8,0.0,1,0,0,6,84.0,0,1,0,0.8,0.8795180722891568,0.7999999999999999,1
720,85,95,100,877,2.0,9,0.0,2,1,0,8,93.33333333333331,0,2,0,0.85,0.9397590361445785,1.0,1
102,71,83,77,957,1.0,7,0.0,1,0,0,0,77.0,0,1,0,0.71,0.7951807228915663,0.7444444444444445,1
611,66,64,62,618,4.0,8,0.0,1,0,0,1,64.0,1,1,0,0.66,0.5662650602409639,0.5777777777777777,0
444,80,86,83,28,2.0,9,0.0,1,0,1,2,83.0,0,2,0,0.8,0.8313253012048193,0.8111111111111111,1
732,87,100,95,627,2.0,5,0.0,1,1,1,10,94.0,0,0,0,0.87,1.0,0.9444444444444444,1
77,79,81,71,360,2.0,7,0.0,2,0,0,11,77.0,0,1,0,0.79,0.7710843373493976,0.6777777777777778,1
316,38,49,45,147,1.0,8,0.0,2,0,1,12,44.0,0,1,0,0.38,0.3855421686746988,0.3888888888888889,2
347,38,43,43,108,1.0,9,0.0,2,0,1,13,41.333333333333336,0,2,0,0.38,0.3132530120481928,0.3666666666666667,2
360,67,76,75,68,3.0,7,0.0,1,0,1,4,72.66666666666667,1,1,0,0.67,0.710843373493976,0.7222222222222222,0
58,64,73,70,828,4.0,8,0.0,1,0,0,9,69.0,1,1,0,0.64,0.674698795180723,0.6666666666666666,0
872,57,78,67,766,2.0,7,0.0,2,0,1,3,67.33333333333333,0,1,0,0.5700000000000001,0.7349397590361446,0.6333333333333333,0
506,62,64,64,104,2.0,5,0.0,1,0,1,5,63.333333333333336,0,0,0,0.62,0.5662650602409639,0.6,0
831,73,70,75,644,2.0,6,0.0,1,0,0,7,72.66666666666667,0,0,0,0.73,0.6385542168674699,0.7222222222222222,0
311,73,67,59,713,1.0,7,0.0,2,1,0,14,66.33333333333333,0,1,0,0.73,0.6024096385542169,0.5444444444444444,0
41,77,68,77,332,3.0,8,0.0,1,0,0,6,74.0,1,1,0,0.77,0.6144578313253013,0.7444444444444445,0
563,76,67,67,617,3.0,5,0.0,1,0,0,8,70.0,1,0,0,0.76,0.6024096385542169,0.6333333333333333,0
698,57,54,56,56,2.0,6,0.0,1,1,0,0,55.66666666666666,0,0,0,0.5700000000000001,0.4457831325301205,0.5111111111111111,0
273,65,74,77,842,1.0,9,0.0,1,1,0,1,72.0,0,2,0,0.65,0.6867469879518073,0.7444444444444445,0
529,48,45,41,20,2.0,8,0.0,2,0,1,2,44.66666666666666,0,1,0,0.48,0.3373493975903615,0.3444444444444444,2
583,50,67,63,413,2.0,7,0.0,2,0,0,10,60.0,0,1,0,0.5,0.6024096385542169,0.5888888888888889,0
822,85,89,95,178,2.0,6,0.0,1,0,0,11,89.66666666666667,0,0,0,0.85,0.8674698795180723,0.9444444444444444,1
158,74,63,57,182,1.0,9,0.0,1,0,0,12,64.66666666666667,0,2,0,0.74,0.5542168674698795,0.5222222222222221,0
119,60,59,54,825,1.0,8,0.0,1,0,1,13,57.66666666666666,0,1,0,0.6,0.5060240963855422,0.4888888888888889,0
582,59,54,67,100,1.0,7,0.0,1,1,1,4,60.0,0,1,0,0.59,0.4457831325301205,0.6333333333333333,0
838,53,43,43,394,3.0,8,0.0,1,0,1,9,46.333333333333336,1,1,0,0.53,0.3132530120481928,0.3666666666666667,2
689,49,65,55,450,3.0,7,0.0,2,0,0,3,56.333333333333336,1,1,0,0.49,0.5783132530120483,0.5,0
871,88,99,100,255,2.0,8,0.0,1,1,0,5,95.66666666666669,0,1,0,0.88,0.9879518072289156,1.0,1
94,54,59,62,207,2.0,9,0.0,1,0,1,7,58.333333333333336,0,2,0,0.54,0.5060240963855422,0.5777777777777777,0
785,63,73,68,95,1.0,8,0.0,1,0,1,14,68.0,0,1,0,0.63,0.674698795180723,0.6444444444444444,0
830,65,65,63,486,2.0,7,0.0,1,1,1,6,64.33333333333333,0,1,0,0.65,0.5783132530120483,0.5888888888888889,0
786,82,80,77,321,2.0,6,0.0,1,0,0,8,79.66666666666667,0,0,0,0.8200000000000001,0.7590361445783133,0.7444444444444445,1
249,52,57,56,749,2.0,6,0.0,2,1,0,0,55.0,0,0,0,0.52,0.4819277108433735,0.5111111111111111,0
390,87,84,85,230,2.0,7,0.0,1,1,1,1,85.33333333333333,0,1,0,0.87,0.8072289156626508,0.8333333333333334,1
845,70,71,74,299,2.0,8,0.0,1,1,0,2,71.66666666666667,0,1,0,0.7000000000000001,0.6506024096385543,0.7111111111111111,0
543,84,83,78,835,3.0,6,0.0,1,1,0,10,81.66666666666667,1,0,0,0.84,0.7951807228915663,0.7555555555555555,1
44,71,66,60,334,2.0,9,0.0,1,0,0,11,65.66666666666667,0,2,0,0.71,0.5903614457831325,0.5555555555555556,0
224,63,67,67,817,1.0,6,0.0,1,1,0,12,65.66666666666667,0,0,0,0.63,0.6024096385542169,0.6333333333333333,0
26,51,72,79,800,4.0,7,0.0,2,1,1,13,67.33333333333333,1,1,0,0.51,0.6626506024096386,0.7666666666666666,0
755,84,73,69,408,2.0,8,0.0,1,0,1,4,75.33333333333333,0,1,0,0.84,0.674698795180723,0.6555555555555556,1
441,71,74,68,834,4.0,7,0.0,1,1,1,9,71.0,1,1,0,0.71,0.6867469879518073,0.6444444444444444,0
412,74,73,67,598,2.0,8,0.0,1,0,1,3,71.33333333333333,0,1,0,0.74,0.674698795180723,0.6333333333333333,0
51,68,59,62,211,3.0,8,0.0,1,0,0,5,63.0,1,1,0,0.68,0.5060240963855422,0.5777777777777777,0
856,57,56,54,479,2.0,7,0.0,2,1,0,7,55.66666666666666,0,1,0,0.5700000000000001,0.4698795180722892,0.4888888888888889,0
312,82,93,93,183,2.0,6,0.0,2,1,0,14,89.33333333333333,0,0,0,0.8200000000000001,0.9156626506024098,0.9222222222222224,1
167,57,58,64,706,2.0,7,0.0,1,1,0,6,59.66666666666666,0,1,0,0.5700000000000001,0.4939759036144578,0.6,0
542,47,58,67,537,2.0,8,0.0,2,1,0,8,57.333333333333336,0,1,0,0.47,0.4939759036144578,0.6333333333333333,0
936,59,85,80,217,1.0,7,0.0,1,1,0,0,74.66666666666667,0,1,0,0.59,0.819277108433735,0.7777777777777778,0
735,41,39,34,723,3.0,6,0.0,2,0,0,1,38.0,1,0,0,0.41,0.2650602409638554,0.2666666666666666,2
254,62,67,62,470,3.0,6,0.0,2,0,1,2,63.66666666666666,1,0,0,0.62,0.6024096385542169,0.5777777777777777,0
940,86,83,86,489,4.0,7,0.0,1,0,1,10,85.0,1,1,0,0.86,0.7951807228915663,0.8444444444444444,1
917,69,71,65,447,1.0,9,0.0,2,0,1,11,68.33333333333333,0,2,0,0.6900000000000001,0.6506024096385543,0.611111111111111,0
768,65,59,53,12,1.0,7,0.0,2,0,1,12,59.0,0,1,0,0.65,0.5060240963855422,0.4777777777777778,0
123,68,63,54,324,1.0,8,0.0,2,0,0,13,61.66666666666666,0,1,0,0.68,0.5542168674698795,0.4888888888888889,0
1,64,66,59,32,2.0,9,0.0,2,0,1,4,63.0,0,2,0,0.64,0.5903614457831325,0.5444444444444444,0
479,61,72,70,294,2.0,7,0.0,1,0,1,9,67.66666666666667,0,1,0,0.61,0.6626506024096386,0.6666666666666666,0
189,61,56,55,775,2.0,8,0.0,1,0,0,3,57.333333333333336,0,1,0,0.61,0.4698795180722892,0.5,0
829,47,59,50,123,1.0,9,0.0,2,0,0,5,52.0,0,2,0,0.47,0.5060240963855422,0.4444444444444445,0
7,73,66,66,22,1.0,5,0.0,1,0,1,7,68.33333333333333,0,0,0,0.73,0.5903614457831325,0.6222222222222222,0
776,50,48,53,190,3.0,7,0.0,2,1,0,14,50.333333333333336,1,1,0,0.5,0.3734939759036145,0.4777777777777778,0
752,75,68,64,620,2.0,8,0.0,1,0,0,6,69.0,0,1,0,0.75,0.6144578313253013,0.6,0
344,75,66,73,803,2.0,9,0.0,2,0,0,8,71.33333333333333,0,2,0,0.75,0.5903614457831325,0.7,0
725,70,56,51,811,2.0,7,0.0,1,0,1,0,59.0,0,1,0,0.7000000000000001,0.4698795180722892,0.4555555555555555,0
279,89,88,82,71,1.0,8,0.0,1,1,1,1,86.33333333333333,0,1,0,0.89,0.855421686746988,0.7999999999999999,1
408,67,81,79,626,3.0,7,0.0,1,1,0,2,75.66666666666667,1,1,0,0.67,0.7710843373493976,0.7666666666666666,1
332,78,81,80,767,2.0,5,0.0,1,0,0,10,79.66666666666667,0,0,0,0.78,0.7710843373493976,0.7777777777777778,1
510,59,73,69,689,1.0,6,0.0,2,0,1,11,67.0,0,0,0,0.59,0.674698795180723,0.6555555555555556,0
31,73,83,76,804,2.0,7,0.0,1,0,0,12,77.33333333333333,0,1,0,0.73,0.7951807228915663,0.7333333333333333,1
455,79,82,73,541,1.0,8,0.0,2,0,0,13,78.0,0,1,0,0.79,0.783132530120482,0.7,1
655,67,74,77,78,1.0,5,0.0,1,1,0,4,72.66666666666667,0,0,0,0.67,0.6867469879518073,0.7444444444444445,0
957,69,66,60,376,3.0,6,0.0,2,0,1,9,65.0,1,0,0,0.6900000000000001,0.5903614457831325,0.5555555555555556,0
161,86,81,80,590,2.0,9,0.0,1,1,0,3,82.33333333333333,0,2,0,0.86,0.7710843373493976,0.7777777777777778,1
250,47,46,42,852,2.0,6,0.0,1,0,0,5,45.0,0,0,0,0.47,0.3493975903614458,0.3555555555555555,2
398,81,73,72,39,2.0,7,0.0,1,0,1,7,75.33333333333333,0,1,0,0.81,0.674698795180723,0.6888888888888889,1
668,64,85,85,559,3.0,8,0.0,2,1,0,14,78.0,1,1,0,0.64,0.819277108433735,0.8333333333333334,1
659,100,92,97,185,3.0,7,0.0,1,0,0,6,96.33333333333331,1,1,0,1.0,0.9036144578313252,0.9666666666666666,1
74,65,77,74,383,2.0,8,0.0,2,0,1,8,72.0,0,1,0,0.65,0.7228915662650603,0.7111111111111111,0
525,65,58,49,475,3.0,7,0.0,2,0,0,0,57.333333333333336,1,1,0,0.65,0.4939759036144578,0.4333333333333334,0
576,53,61,62,492,2.0,6,0.0,2,0,1,1,58.66666666666666,0,0,0,0.53,0.5301204819277109,0.5777777777777777,0
262,37,56,47,600,4.0,9,0.0,2,0,0,2,46.66666666666666,1,2,0,0.37,0.4698795180722892,0.4111111111111111,2
188,79,89,89,13,4.0,8,0.0,1,0,0,10,85.66666666666667,1,1,0,0.79,0.8674698795180723,0.8777777777777778,1
931,53,54,48,14,2.0,7,0.0,2,0,0,11,51.66666666666666,0,1,0,0.53,0.4457831325301205,0.4222222222222222,0
517,100,100,100,195,4.0,6,0.0,1,0,0,12,100.0,1,0,0,1.0,1.0,1.0,1
153,72,65,68,339,2.0,8,0.0,1,1,1,13,68.33333333333333,0,1,0,0.72,0.5783132530120483,0.6444444444444444,0
584,53,58,55,664,4.0,7,0.0,2,0,0,4,55.333333333333336,1,1,0,0.53,0.4939759036144578,0.5,0
384,54,54,45,651,3.0,8,0.0,2,0,0,9,51.0,1,1,0,0.54,0.4457831325301205,0.3888888888888889,0
19,77,90,91,535,3.0,6,0.0,2,0,1,3,86.0,1,0,0,0.77,0.8795180722891568,0.8999999999999999,1
812,75,58,62,733,4.0,7,0.0,1,1,0,5,65.0,1,1,0,0.75,0.4939759036144578,0.5777777777777777,0
685,84,87,91,854,3.0,9,0.0,1,0,0,7,87.33333333333333,1,2,0,0.84,0.8433734939759038,0.8999999999999999,1
489,26,31,38,696,2.0,7,0.0,2,0,0,14,31.666666666666668,0,1,0,0.26,0.1686746987951807,0.3111111111111111,2
477,72,67,65,914,2.0,7,0.0,2,1,1,6,68.0,0,1,0,0.72,0.6024096385542169,0.611111111111111,0
57,77,88,85,521,2.0,8,0.0,2,1,0,8,83.33333333333333,0,1,0,0.77,0.855421686746988,0.8333333333333334,1
522,91,74,76,138,3.0,5,0.0,1,0,0,0,80.33333333333333,1,0,0,0.91,0.6867469879518073,0.7333333333333333,1
544,83,85,90,636,2.0,7,0.0,1,1,0,1,86.0,0,1,0,0.8300000000000001,0.819277108433735,0.8888888888888888,1
586,63,69,74,25,2.0,8,0.0,1,0,1,2,68.66666666666667,0,1,0,0.63,0.6265060240963856,0.7111111111111111,0
745,68,86,84,293,2.0,9,0.0,1,1,0,10,79.33333333333333,0,2,0,0.68,0.8313253012048193,0.8222222222222222,1
520,59,67,61,663,1.0,8,0.0,1,0,0,11,62.333333333333336,0,1,0,0.59,0.6024096385542169,0.5666666666666667,0
277,90,90,91,700,2.0,7,0.0,1,1,0,12,90.33333333333331,0,1,0,0.9,0.8795180722891568,0.8999999999999999,1
465,71,76,83,555,4.0,6,0.0,1,1,0,13,76.66666666666667,1,0,0,0.71,0.710843373493976,0.8111111111111111,1
47,76,62,66,616,4.0,5,0.0,1,1,0,4,68.0,1,0,0,0.76,0.5421686746987953,0.6222222222222222,0
370,80,68,72,184,2.0,7,0.0,1,0,1,9,73.33333333333333,0,1,0,0.8,0.6144578313253013,0.6888888888888889,0
839,55,64,70,801,2.0,1,0.0,1,0,1,3,63.0,0,0,0,0.55,0.5662650602409639,0.6666666666666666,0
496,76,71,67,872,2.0,0,0.0,1,0,1,5,71.33333333333333,0,0,0,0.76,0.6506024096385543,0.6333333333333333,0
551,73,71,68,959,2.0,7,0.0,1,1,1,7,70.66666666666667,0,1,0,0.73,0.6506024096385543,0.6444444444444444,0
834,52,59,56,760,2.0,7,0.0,2,0,0,14,55.66666666666666,0,1,0,0.52,0.5060240963855422,0.5111111111111111,0
182,68,68,61,244,3.0,8,0.0,2,0,0,6,65.66666666666667,1,1,0,0.68,0.6144578313253013,0.5666666666666667,0
397,59,52,46,74,2.0,6,0.0,1,0,0,8,52.333333333333336,0,0,0,0.59,0.4216867469879518,0.4000000000000001,0
702,49,52,54,292,2.0,7,0.0,1,0,0,0,51.66666666666666,0,1,0,0.49,0.4216867469879518,0.4888888888888889,0
603,61,47,56,679,3.0,8,0.0,2,0,0,1,54.66666666666666,1,1,0,0.61,0.3614457831325302,0.5111111111111111,0
805,60,75,74,21,2.0,7,0.0,2,0,1,2,69.66666666666667,0,1,0,0.6,0.6987951807228916,0.7111111111111111,0
480,64,53,57,228,1.0,8,0.0,1,1,1,10,58.0,0,1,0,0.64,0.4337349397590362,0.5222222222222221,0
445,79,82,82,890,2.0,7,0.0,2,1,0,11,81.0,0,1,0,0.79,0.783132530120482,0.7999999999999999,1
326,65,85,76,113,2.0,6,0.0,2,0,1,12,75.33333333333333,0,0,0,0.65,0.819277108433735,0.7333333333333333,1
187,83,83,90,685,3.0,8,0.0,1,0,1,13,85.33333333333333,1,1,0,0.8300000000000001,0.7951807228915663,0.8888888888888888,1
402,81,88,90,840,4.0,9,0.0,1,0,1,4,86.33333333333333,1,2,0,0.81,0.855421686746988,0.8888888888888888,1
890,54,64,68,403,2.0,6,0.0,1,0,0,9,62.0,0,0,0,0.54,0.5662650602409639,0.6444444444444444,0
82,68,64,66,75,2.0,7,0.0,1,1,1,3,66.0,0,1,0,0.68,0.5662650602409639,0.6222222222222222,0
382,54,48,52,219,3.0,8,0.0,1,0,0,5,51.333333333333336,1,1,0,0.54,0.3734939759036145,0.4666666666666667,0
778,59,78,76,42,3.0,9,0.0,2,1,1,7,71.0,1,2,0,0.59,0.7349397590361446,0.7333333333333333,0
456,66,69,68,795,1.0,6,0.0,1,0,0,14,67.66666666666667,0,0,0,0.66,0.6265060240963856,0.6444444444444444,0
817,76,71,72,791,3.0,5,0.0,1,0,1,6,73.0,1,0,0,0.76,0.6506024096385543,0.6888888888888889,0
896,74,79,82,705,2.0,7,0.0,1,0,0,8,78.33333333333333,0,1,0,0.74,0.746987951807229,0.7999999999999999,1
42,94,87,92,822,2.0,8,0.0,1,1,0,0,91.0,0,1,0,0.94,0.8433734939759038,0.9111111111111112,1
236,63,61,54,936,3.0,9,0.0,2,0,0,1,59.333333333333336,1,2,0,0.63,0.5301204819277109,0.4888888888888889,0
737,95,89,92,5,2.0,9,0.0,1,1,1,2,92.0,0,2,0,0.95,0.8674698795180723,0.9111111111111112,1
137,40,59,54,942,2.0,7,0.0,2,0,1,10,51.0,0,1,0,0.4,0.5060240963855422,0.4888888888888889,0
621,68,70,66,343,2.0,9,0.0,1,0,1,11,68.0,0,2,0,0.68,0.6385542168674699,0.6222222222222222,0
131,55,59,54,311,4.0,7,0.0,2,0,0,12,56.0,1,1,0,0.55,0.5060240963855422,0.4888888888888889,0
136,79,78,77,818,2.0,8,0.0,1,0,1,13,78.0,0,1,0,0.79,0.7349397590361446,0.7444444444444445,1
639,86,92,87,632,4.0,9,0.0,1,0,0,4,88.33333333333333,1,2,0,0.86,0.9036144578313252,0.8555555555555555,1
521,76,71,73,518,3.0,5,0.0,1,0,0,9,73.33333333333333,1,0,0,0.76,0.6506024096385543,0.7,0
108,64,50,43,179,1.0,7,0.0,1,0,1,3,52.333333333333336,0,1,0,0.64,0.3975903614457832,0.3666666666666667,0
285,62,49,52,528,1.0,8,0.0,2,0,1,5,54.333333333333336,0,1,0,0.62,0.3855421686746988,0.4666666666666667,0
253,54,61,62,701,1.0,9,0.0,1,1,0,7,59.0,0,2,0,0.54,0.5301204819277109,0.5777777777777777,0
104,77,97,94,622,2.0,7,0.0,2,1,0,14,89.33333333333333,0,1,0,0.77,0.9638554216867472,0.9333333333333332,1
328,76,87,85,302,1.0,8,0.0,1,1,1,6,82.66666666666667,0,1,0,0.76,0.8433734939759038,0.8333333333333334,1
453,74,89,84,393,3.0,7,0.0,1,0,0,8,82.33333333333333,1,1,0,0.74,0.8674698795180723,0.8222222222222222,1
660,66,74,73,180,3.0,6,0.0,1,1,0,0,71.0,1,0,0,0.66,0.6867469879518073,0.7,0
4,66,78,78,404,1.0,8,0.0,1,1,0,1,74.0,0,1,0,0.66,0.7349397590361446,0.7555555555555555,0
261,67,78,79,935,2.0,7,0.0,2,1,0,2,74.66666666666667,0,1,0,0.67,0.7349397590361446,0.7666666666666666,0
179,71,49,52,210,3.0,8,0.0,1,0,0,10,57.333333333333336,1,1,0,0.71,0.3855421686746988,0.4666666666666667,0
723,91,86,84,91,2.0,7,0.0,1,0,0,11,87.0,0,1,0,0.91,0.8313253012048193,0.8222222222222222,1
898,69,58,57,593,4.0,6,0.0,1,0,0,12,61.333333333333336,1,0,0,0.6900000000000001,0.4939759036144578,0.5222222222222221,0
943,54,59,50,284,2.0,7,0.0,2,0,1,13,54.333333333333336,0,1,0,0.54,0.5060240963855422,0.4444444444444445,0
821,53,52,49,371,2.0,9,0.0,1,1,1,4,51.333333333333336,0,2,0,0.53,0.4216867469879518,0.4333333333333334,0
17,68,60,59,690,3.0,7,0.0,1,0,1,9,62.333333333333336,1,1,0,0.68,0.5180722891566265,0.5444444444444444,0
222,56,61,60,18,1.0,7,0.0,2,1,0,3,59.0,0,1,0,0.56,0.5301204819277109,0.5555555555555556,0
864,36,53,43,789,2.0,8,0.0,2,0,0,5,44.0,0,1,0,0.36,0.4337349397590362,0.3666666666666667,2
429,29,41,47,467,4.0,5,0.0,2,0,0,7,39.0,1,0,0,0.29,0.2891566265060241,0.4111111111111111,2
518,62,74,70,552,2.0,7,0.0,1,0,1,14,68.66666666666667,0,1,0,0.62,0.6867469879518073,0.6666666666666666,0
819,68,67,73,488,2.0,8,0.0,1,1,0,6,69.33333333333333,0,1,0,0.68,0.6024096385542169,0.7,0
353,47,54,53,305,1.0,9,0.0,1,0,1,8,51.333333333333336,0,2,0,0.47,0.4457831325301205,0.4777777777777778,0
770,62,61,58,871,2.0,8,0.0,1,1,1,0,60.333333333333336,0,1,0,0.62,0.5301204819277109,0.5333333333333333,0
62,79,88,94,118,2.0,7,0.0,1,1,0,1,87.0,0,1,0,0.79,0.855421686746988,0.9333333333333332,1
549,73,69,68,722,2.0,6,0.0,1,1,0,2,70.0,0,0,0,0.73,0.6265060240963856,0.6444444444444444,0
932,66,83,83,532,4.0,5,0.0,2,1,1,10,77.33333333333333,1,0,0,0.66,0.7951807228915663,0.8111111111111111,1
619,51,60,58,908,2.0,7,0.0,1,1,0,11,56.333333333333336,0,1,0,0.51,0.5180722891566265,0.5333333333333333,0
420,51,66,62,641,2.0,1,0.0,1,0,1,12,59.66666666666666,0,0,0,0.51,0.5903614457831325,0.5777777777777777,0
321,97,92,86,97,2.0,7,0.0,1,1,0,13,91.66666666666669,0,1,0,0.97,0.9036144578313252,0.8444444444444444,1
349,75,69,68,384,2.0,7,0.0,1,1,1,4,70.66666666666667,0,1,0,0.75,0.6265060240963856,0.6444444444444444,0
613,79,82,80,280,2.0,8,0.0,2,1,1,9,80.33333333333333,0,1,0,0.79,0.783132530120482,0.7777777777777778,1
434,81,77,79,357,2.0,6,0.0,1,0,0,3,79.0,0,0,0,0.81,0.7228915662650603,0.7666666666666666,1
885,82,95,89,48,2.0,7,0.0,1,0,0,5,88.66666666666667,0,1,0,0.8200000000000001,0.9397590361445785,0.8777777777777778,1
622,64,63,66,737,2.0,7,0.0,1,0,0,7,64.33333333333333,0,1,0,0.64,0.5542168674698795,0.6222222222222222,0
342,78,83,80,510,1.0,8,0.0,2,1,0,14,80.33333333333333,0,1,0,0.78,0.7951807228915663,0.7777777777777778,1
782,92,100,97,49,1.0,7,0.0,1,1,1,6,96.33333333333331,0,1,0,0.92,1.0,0.9666666666666666,1
116,72,67,64,866,2.0,8,0.0,1,1,1,8,67.66666666666667,0,1,0,0.72,0.6024096385542169,0.6,0
545,62,67,64,319,2.0,7,0.0,2,0,0,0,64.33333333333333,0,1,0,0.62,0.6024096385542169,0.6,0
614,79,72,69,680,2.0,6,0.0,1,0,0,1,73.33333333333333,0,0,0,0.79,0.6626506024096386,0.6555555555555556,0
60,79,76,65,928,1.0,7,0.0,2,0,0,2,73.33333333333333,0,1,0,0.79,0.710843373493976,0.611111111111111,0
114,87,90,88,161,4.0,8,0.0,2,1,0,10,88.33333333333333,1,1,0,0.87,0.8795180722891568,0.8666666666666667,1
930,40,48,50,728,2.0,9,0.0,1,0,1,11,46.0,0,2,0,0.4,0.3734939759036145,0.4444444444444445,2
910,53,45,40,241,2.0,7,0.0,1,0,1,12,46.0,0,1,0,0.53,0.3373493975903615,0.3333333333333333,2
772,32,39,33,275,3.0,8,0.0,2,0,0,13,34.666666666666664,1,1,0,0.32,0.2650602409638554,0.2555555555555556,2
847,55,72,79,879,2.0,9,0.0,1,1,1,4,68.66666666666667,0,2,0,0.55,0.6626506024096386,0.7666666666666666,0
771,61,67,66,245,2.0,6,0.0,2,0,1,9,64.66666666666667,0,0,0,0.61,0.6024096385542169,0.6222222222222222,0
669,73,66,62,623,1.0,7,0.0,1,0,1,3,67.0,0,1,0,0.73,0.5903614457831325,0.5777777777777777,0
503,74,75,79,459,3.0,8,0.0,1,1,1,5,76.0,1,1,0,0.74,0.6987951807228916,0.7666666666666666,1
219,63,74,74,864,3.0,9,0.0,1,0,1,7,70.33333333333333,1,2,0,0.63,0.6867469879518073,0.7111111111111111,0
37,96,90,92,146,4.0,9,0.0,1,1,0,14,92.66666666666669,1,2,0,0.96,0.8795180722891568,0.9111111111111112,1
113,63,80,80,50,3.0,7,0.0,2,1,1,6,74.33333333333333,1,1,0,0.63,0.7590361445783133,0.7777777777777778,0
40,48,51,46,611,4.0,8,0.0,2,0,0,8,48.333333333333336,1,1,0,0.48,0.4096385542168674,0.4000000000000001,2
305,48,43,45,33,2.0,9,0.0,1,0,0,0,45.333333333333336,0,2,0,0.48,0.3132530120481928,0.3888888888888889,2
512,92,100,100,259,4.0,7,0.0,2,1,0,1,97.33333333333331,1,1,0,0.92,1.0,1.0,1
323,61,71,78,695,2.0,8,0.0,2,1,1,2,70.0,0,1,0,0.61,0.6506024096385543,0.7555555555555555,0
869,63,48,47,844,2.0,9,0.0,2,0,1,10,52.66666666666666,0,2,0,0.63,0.3734939759036145,0.4111111111111111,0
203,68,68,67,861,4.0,5,0.0,2,0,1,11,67.66666666666667,1,0,0,0.68,0.6144578313253013,0.6333333333333333,0
195,71,75,70,340,3.0,7,0.0,1,1,1,12,72.0,1,1,0,0.71,0.6987951807228916,0.6666666666666666,0
901,91,96,92,140,4.0,8,0.0,1,0,0,13,93.0,1,1,0,0.91,0.9518072289156628,0.9111111111111112,1
301,53,62,56,896,3.0,9,0.0,1,0,1,4,57.0,1,2,0,0.53,0.5421686746987953,0.5111111111111111,0
594,50,66,64,650,2.0,7,0.0,2,1,1,9,60.0,0,1,0,0.5,0.5903614457831325,0.6,0
155,74,81,71,915,2.0,8,0.0,1,0,1,3,75.33333333333333,0,1,0,0.74,0.7710843373493976,0.6777777777777778,1
245,40,55,53,551,2.0,5,0.0,2,1,0,5,49.333333333333336,0,0,0,0.4,0.4578313253012048,0.4777777777777778,2
802,61,51,52,655,3.0,6,0.0,1,1,0,7,54.66666666666666,1,0,0,0.61,0.4096385542168674,0.4666666666666667,0
291,81,91,89,268,2.0,9,0.0,1,0,0,14,87.0,0,2,0,0.81,0.8915662650602411,0.8777777777777778,1
147,48,56,58,762,3.0,7,0.0,2,1,1,6,54.0,1,1,0,0.48,0.4698795180722892,0.5333333333333333,0
764,53,61,68,127,2.0,6,0.0,1,0,0,8,60.66666666666666,0,0,0,0.53,0.5301204819277109,0.6444444444444444,0
144,81,97,96,406,1.0,9,0.0,1,0,1,0,91.33333333333331,0,2,0,0.81,0.9638554216867472,0.9555555555555556,1
297,77,79,80,531,1.0,7,0.0,1,0,0,1,78.66666666666667,0,1,0,0.77,0.746987951807229,0.7777777777777778,1
432,63,73,78,907,4.0,8,0.0,2,0,1,2,71.33333333333333,1,1,0,0.63,0.674698795180723,0.7555555555555555,0
902,73,75,80,514,2.0,9,0.0,1,1,1,10,76.0,0,2,0,0.73,0.6987951807228916,0.7777777777777778,1
286,65,76,76,285,2.0,8,0.0,1,0,1,11,72.33333333333333,0,1,0,0.65,0.710843373493976,0.7333333333333333,0
345,55,73,73,67,2.0,9,0.0,1,0,1,12,67.0,0,2,0,0.55,0.674698795180723,0.7,0
487,44,63,62,458,4.0,5,0.0,2,0,1,13,56.333333333333336,1,0,0,0.44,0.5542168674698795,0.5777777777777777,0
673,54,64,65,36,3.0,7,0.0,1,0,1,4,61.0,1,1,0,0.54,0.5662650602409639,0.611111111111111,0
237,48,66,65,831,1.0,8,0.0,1,0,1,9,59.66666666666666,0,1,0,0.48,0.5903614457831325,0.611111111111111,0
80,58,57,54,707,3.0,9,0.0,2,0,0,3,56.333333333333336,1,2,0,0.58,0.4819277108433735,0.4888888888888889,0
798,71,62,50,411,1.0,7,0.0,1,0,0,5,61.0,0,1,0,0.71,0.5421686746987953,0.4444444444444445,0
627,68,68,64,83,4.0,8,0.0,1,0,1,7,66.66666666666667,1,1,0,0.68,0.6144578313253013,0.6,0
227,74,76,73,317,2.0,7,0.0,1,0,1,14,74.33333333333333,0,1,0,0.74,0.710843373493976,0.7,0
24,92,100,99,724,4.0,5,0.0,1,1,1,6,97.0,1,0,0,0.92,1.0,0.9888888888888888,1
759,56,79,72,43,4.0,6,0.0,1,1,0,8,69.0,1,0,0,0.56,0.746987951807229,0.6888888888888889,0
194,30,24,15,234,2.0,7,0.0,2,0,0,0,23.0,0,1,0,0.3,0.0843373493975903,0.0555555555555555,2
941,53,54,48,457,1.0,8,0.0,1,0,0,1,51.66666666666666,0,1,0,0.53,0.4457831325301205,0.4222222222222222,0
497,69,77,73,273,2.0,5,0.0,1,0,1,2,73.0,0,0,0,0.6900000000000001,0.7228915662650603,0.7,0
331,65,82,81,524,1.0,6,0.0,1,0,1,10,76.0,0,0,0,0.65,0.783132530120482,0.7888888888888889,1
740,54,60,63,898,2.0,9,0.0,1,0,0,11,59.0,0,2,0,0.54,0.5180722891566265,0.5888888888888889,0
626,29,29,30,412,2.0,8,0.0,1,0,1,12,29.33333333333333,0,1,0,0.29,0.144578313253012,0.2222222222222222,2
218,76,78,80,539,3.0,7,0.0,1,0,0,13,78.0,1,1,0,0.76,0.7349397590361446,0.7777777777777778,1
327,60,57,51,385,2.0,6,0.0,2,0,0,4,56.0,0,0,0,0.6,0.4819277108433735,0.4555555555555555,0
726,84,89,90,271,2.0,9,0.0,2,1,1,9,87.66666666666667,0,2,0,0.84,0.8674698795180723,0.8888888888888888,1
945,75,72,62,929,1.0,8,0.0,1,0,0,3,69.66666666666667,0,1,0,0.75,0.6626506024096386,0.5777777777777777,0
306,85,84,82,295,2.0,7,0.0,1,0,0,5,83.66666666666667,0,1,0,0.85,0.8072289156626508,0.7999999999999999,1
663,61,64,62,948,3.0,7,0.0,1,0,0,7,62.333333333333336,1,1,0,0.61,0.5662650602409639,0.5777777777777777,0
921,58,63,65,484,2.0,8,0.0,1,0,0,14,62.0,0,1,0,0.58,0.5542168674698795,0.611111111111111,0
36,69,60,63,423,3.0,9,0.0,2,1,1,6,64.0,1,2,0,0.6900000000000001,0.5180722891566265,0.5888888888888889,0
920,58,59,66,576,3.0,8,0.0,1,0,0,8,61.0,1,1,0,0.58,0.5060240963855422,0.6222222222222222,0
162,94,90,91,681,4.0,7,0.0,1,1,0,0,91.66666666666669,1,1,0,0.94,0.8795180722891568,0.8999999999999999,1
84,65,77,74,237,2.0,6,0.0,1,0,0,1,72.0,0,0,0,0.65,0.7228915662650603,0.7111111111111111,0
330,82,93,93,542,2.0,7,0.0,1,0,0,2,89.33333333333333,0,1,0,0.8200000000000001,0.9156626506024098,0.9222222222222224,1
351,60,68,72,630,2.0,8,0.0,1,0,1,10,66.66666666666667,0,1,0,0.6,0.6144578313253013,0.6888888888888889,0
223,37,45,38,213,4.0,9,0.0,1,0,1,11,40.0,1,2,0,0.37,0.3373493975903615,0.3111111111111111,2
290,88,78,83,115,4.0,7,0.0,1,0,0,12,83.0,1,1,0,0.88,0.7349397590361446,0.8111111111111111,1
211,95,81,84,128,2.0,5,0.0,1,0,0,13,86.66666666666667,0,0,0,0.95,0.7710843373493976,0.8222222222222222,1
623,65,73,68,437,2.0,6,0.0,2,1,1,4,68.66666666666667,0,0,0,0.65,0.674698795180723,0.6444444444444444,0
378,35,61,54,496,2.0,8,0.0,2,0,0,9,50.0,0,1,0,0.35,0.5301204819277109,0.4888888888888889,2
192,62,63,56,763,4.0,9,0.0,2,0,0,3,60.333333333333336,1,2,0,0.62,0.5542168674698795,0.5111111111111111,0
296,100,96,86,73,3.0,8,0.0,1,1,0,5,94.0,1,1,0,1.0,0.9518072289156628,0.8444444444444444,1
407,61,58,62,603,4.0,9,0.0,2,0,0,7,60.333333333333336,1,2,0,0.61,0.4939759036144578,0.5777777777777777,0
711,100,97,99,839,3.0,7,0.0,1,1,0,14,98.66666666666669,1,1,0,1.0,0.9638554216867472,0.9888888888888888,1
741,69,70,63,548,2.0,6,0.0,2,1,1,6,67.33333333333333,0,0,0,0.6900000000000001,0.6385542168674699,0.5888888888888889,0
325,61,48,46,231,2.0,7,0.0,1,0,0,8,51.66666666666666,0,1,0,0.61,0.3734939759036145,0.4000000000000001,0
687,49,57,46,205,3.0,5,0.0,2,0,0,0,50.66666666666666,1,0,0,0.49,0.4819277108433735,0.4000000000000001,0
129,44,51,55,783,1.0,8,0.0,1,1,0,1,50.0,0,1,0,0.44,0.4096385542168674,0.5,2
65,67,64,70,253,3.0,5,0.0,1,0,1,2,67.0,1,0,0,0.67,0.5662650602409639,0.6666666666666666,0
459,79,60,65,89,2.0,6,0.0,1,0,0,10,68.0,0,0,0,0.79,0.5180722891566265,0.611111111111111,0
175,66,74,81,8,4.0,9,0.0,1,1,1,11,73.66666666666667,1,2,0,0.66,0.6867469879518073,0.7888888888888889,0
546,75,88,85,136,2.0,8,0.0,1,0,0,12,82.66666666666667,0,1,0,0.75,0.855421686746988,0.8333333333333334,1
906,84,84,80,227,1.0,7,0.0,1,0,1,13,82.66666666666667,0,1,0,0.84,0.8072289156626508,0.7777777777777778,1
804,71,74,64,697,2.0,8,0.0,1,0,1,4,69.66666666666667,0,1,0,0.71,0.6867469879518073,0.6,0
381,67,80,81,527,2.0,6,0.0,2,1,1,9,76.0,0,0,0,0.67,0.7590361445783133,0.7888888888888889,1
670,80,92,88,739,1.0,9,0.0,1,1,1,3,86.66666666666667,0,2,0,0.8,0.9036144578313252,0.8666666666666667,1
66,86,76,74,853,3.0,7,0.0,1,0,0,5,78.66666666666667,1,1,0,0.86,0.710843373493976,0.7111111111111111,1
255,76,74,73,391,2.0,8,0.0,1,0,1,7,74.33333333333333,0,1,0,0.76,0.6867469879518073,0.7,0
317,41,52,51,398,2.0,9,0.0,1,0,0,14,48.0,0,2,0,0.41,0.4216867469879518,0.4555555555555555,2
425,74,88,90,882,2.0,6,0.0,2,1,1,6,84.0,0,0,0,0.74,0.855421686746988,0.8888888888888888,1
10,72,81,79,328,1.0,5,0.0,2,0,1,8,77.33333333333333,0,0,0,0.72,0.7710843373493976,0.7666666666666666,1
895,74,79,80,373,2.0,7,0.0,1,1,1,0,77.66666666666667,0,1,0,0.74,0.746987951807229,0.7777777777777778,1
27,70,65,60,316,2.0,8,0.0,1,0,0,1,65.0,0,1,0,0.7000000000000001,0.5783132530120483,0.5555555555555556,0
651,65,81,81,647,4.0,9,0.0,1,1,1,2,75.66666666666667,1,2,0,0.65,0.7710843373493976,0.7888888888888889,1
29,59,70,65,702,2.0,6,0.0,1,0,1,10,64.66666666666667,0,0,0,0.59,0.6385542168674699,0.611111111111111,0
442,64,62,68,481,2.0,7,0.0,2,0,1,11,64.66666666666667,0,1,0,0.64,0.5421686746987953,0.6444444444444444,0
294,50,53,55,691,2.0,8,0.0,1,0,1,12,52.66666666666666,0,1,0,0.5,0.4337349397590362,0.5,0
691,69,79,81,714,3.0,9,0.0,1,1,1,13,76.33333333333333,1,2,0,0.6900000000000001,0.746987951807229,0.7888888888888889,1
882,51,56,53,61,1.0,6,0.0,2,1,0,4,53.333333333333336,0,0,0,0.51,0.4698795180722892,0.4777777777777778,0
848,68,80,76,945,2.0,7,0.0,1,1,0,9,74.66666666666667,0,1,0,0.68,0.7590361445783133,0.7333333333333333,0
32,85,86,98,573,3.0,7,0.0,1,1,0,3,89.66666666666667,1,1,0,0.85,0.8313253012048193,0.977777777777778,1
873,65,70,74,424,2.0,7,0.0,1,1,1,5,69.66666666666667,0,1,0,0.65,0.6385542168674699,0.7111111111111111,0
588,73,79,79,588,1.0,7,0.0,1,0,0,7,77.0,0,1,0,0.73,0.746987951807229,0.7666666666666666,1
424,62,67,67,47,3.0,8,0.0,1,0,1,14,65.33333333333333,1,1,0,0.62,0.6024096385542169,0.6333333333333333,0
470,69,66,61,585,1.0,8,0.0,1,0,1,6,65.33333333333333,0,1,0,0.6900000000000001,0.5903614457831325,0.5666666666666667,0
567,43,60,58,367,2.0,9,0.0,2,0,0,8,53.66666666666666,0,2,0,0.43,0.5180722891566265,0.5333333333333333,0
160,90,87,85,850,2.0,6,0.0,1,0,0,0,87.33333333333333,0,0,0,0.9,0.8433734939759038,0.8333333333333334,1
693,74,77,73,132,3.0,8,0.0,2,0,0,1,74.66666666666667,1,1,0,0.74,0.7228915662650603,0.7,0
854,73,66,63,657,1.0,7,0.0,1,0,0,2,67.33333333333333,0,1,0,0.73,0.5903614457831325,0.5888888888888889,0
482,65,69,67,170,2.0,9,0.0,1,0,1,10,67.0,0,2,0,0.65,0.6265060240963856,0.6333333333333333,0
282,80,63,63,621,2.0,6,0.0,1,0,1,11,68.66666666666667,0,0,0,0.8,0.5542168674698795,0.5888888888888889,0
413,50,60,60,377,1.0,5,0.0,2,1,1,12,56.66666666666666,0,0,0,0.5,0.5180722891566265,0.5555555555555556,0
760,63,73,71,79,3.0,7,0.0,2,1,0,13,69.0,1,1,0,0.63,0.674698795180723,0.6777777777777778,0
697,77,85,87,374,4.0,8,0.0,2,0,0,4,83.0,1,1,0,0.77,0.819277108433735,0.8555555555555555,1
926,72,72,74,708,4.0,8,0.0,1,0,0,9,72.66666666666667,1,1,0,0.72,0.6626506024096386,0.7111111111111111,0
797,69,90,88,836,3.0,7,0.0,1,1,1,3,82.33333333333333,1,1,0,0.6900000000000001,0.8795180722891568,0.8666666666666667,1
600,90,95,93,860,2.0,6,0.0,1,0,1,5,92.66666666666669,0,0,0,0.9,0.9397590361445785,0.9222222222222224,1
946,47,57,44,135,2.0,5,0.0,2,0,1,7,49.333333333333336,0,0,0,0.47,0.4819277108433735,0.3777777777777778,2
894,76,78,75,558,3.0,8,0.0,1,0,0,14,76.33333333333333,1,1,0,0.76,0.7349397590361446,0.7222222222222222,1
880,71,83,78,430,2.0,6,0.0,1,0,0,6,77.33333333333333,0,0,0,0.71,0.7951807228915663,0.7555555555555555,1
624,88,95,92,307,3.0,7,0.0,1,1,0,8,91.66666666666669,1,1,0,0.88,0.9397590361445785,0.9111111111111112,1
713,40,43,39,59,3.0,8,0.0,2,0,0,0,40.66666666666666,1,1,0,0.4,0.3132530120481928,0.3222222222222222,2
492,64,64,67,247,2.0,7,0.0,2,1,0,1,65.0,0,1,0,0.64,0.5662650602409639,0.6333333333333333,0
916,38,60,50,11,2.0,6,0.0,2,0,1,2,49.333333333333336,0,0,0,0.38,0.5180722891566265,0.4444444444444445,2
185,58,54,52,726,2.0,8,0.0,1,0,0,10,54.66666666666666,0,1,0,0.58,0.4457831325301205,0.4666666666666667,0
56,40,52,43,606,2.0,7,0.0,1,0,0,11,45.0,0,1,0,0.4,0.4216867469879518,0.3666666666666667,2
212,65,81,73,62,2.0,8,0.0,1,0,1,12,73.0,0,1,0,0.65,0.7710843373493976,0.7,0
436,78,72,70,494,3.0,6,0.0,1,1,1,13,73.33333333333333,1,0,0,0.78,0.6626506024096386,0.6666666666666666,0
523,50,53,58,843,2.0,7,0.0,1,0,1,4,53.66666666666666,0,1,0,0.5,0.4337349397590362,0.5333333333333333,0
458,69,75,78,812,1.0,8,0.0,1,0,1,9,74.0,0,1,0,0.6900000000000001,0.6987951807228916,0.7555555555555555,0
416,88,89,86,887,2.0,7,0.0,1,0,0,3,87.66666666666667,0,1,0,0.88,0.8674698795180723,0.8444444444444444,1
620,18,32,28,946,1.0,8,0.0,2,0,0,5,26.0,0,1,0,0.18,0.180722891566265,0.2,2
464,46,42,46,369,2.0,6,0.0,2,1,1,7,44.66666666666666,0,0,0,0.46,0.3012048192771085,0.4000000000000001,2
483,54,58,61,500,2.0,8,0.0,2,0,0,14,57.66666666666666,0,1,0,0.54,0.4939759036144578,0.5666666666666667,0
371,66,69,63,624,2.0,7,0.0,1,0,0,6,66.0,0,1,0,0.66,0.6265060240963856,0.5888888888888889,0
792,65,75,70,770,3.0,6,0.0,2,1,0,8,70.0,1,0,0,0.65,0.6987951807228916,0.6666666666666666,0
267,44,54,53,788,3.0,9,0.0,1,0,0,0,50.333333333333336,1,2,0,0.44,0.4457831325301205,0.4777777777777778,0
288,69,73,73,82,1.0,7,0.0,1,0,1,1,71.66666666666667,0,1,0,0.6900000000000001,0.674698795180723,0.7,0
937,74,71,80,102,4.0,8,0.0,2,1,0,2,75.0,1,1,0,0.74,0.6506024096385543,0.7777777777777778,0
238,73,74,72,683,2.0,9,0.0,2,0,0,10,73.0,0,2,0,0.73,0.6867469879518073,0.6888888888888889,0
15,69,54,55,252,3.0,7,0.0,1,0,1,11,59.333333333333336,1,1,0,0.6900000000000001,0.4457831325301205,0.5,0
146,67,69,75,323,4.0,8,0.0,1,0,1,12,70.33333333333333,1,1,0,0.67,0.6265060240963856,0.7222222222222222,0
844,70,70,65,725,2.0,9,0.0,1,0,1,13,68.33333333333333,0,2,0,0.7000000000000001,0.6385542168674699,0.611111111111111,0
591,62,70,75,442,2.0,5,0.0,1,0,1,4,69.0,0,0,0,0.62,0.6385542168674699,0.7222222222222222,0
519,69,74,74,493,3.0,7,0.0,1,0,0,9,72.33333333333333,1,1,0,0.6900000000000001,0.6867469879518073,0.7111111111111111,0
826,63,65,61,761,3.0,8,0.0,1,0,0,3,63.0,1,1,0,0.63,0.5783132530120483,0.5666666666666667,0
625,56,72,65,122,2.0,9,0.0,2,0,0,5,64.33333333333333,0,2,0,0.56,0.6626506024096386,0.611111111111111,0
98,40,42,38,471,3.0,7,0.0,1,0,0,7,40.0,1,1,0,0.4,0.3012048192771085,0.3111111111111111,2
358,97,87,82,940,3.0,8,0.0,1,0,0,14,88.66666666666667,1,1,0,0.97,0.8433734939759038,0.7999999999999999,1
748,81,81,79,286,2.0,7,0.0,1,1,1,6,80.33333333333333,0,1,0,0.81,0.7710843373493976,0.7666666666666666,1
701,74,81,83,17,2.0,5,0.0,1,0,1,8,79.33333333333333,0,0,0,0.74,0.7710843373493976,0.8111111111111111,1
781,50,64,59,35,1.0,6,0.0,2,0,1,0,57.66666666666666,0,0,0,0.5,0.5662650602409639,0.5444444444444444,0
784,75,90,88,939,2.0,7,0.0,2,1,1,1,84.33333333333333,0,1,0,0.75,0.8795180722891568,0.8666666666666667,1
96,57,56,57,86,2.0,8,0.0,2,0,1,2,56.66666666666666,0,1,0,0.5700000000000001,0.4698795180722892,0.5222222222222221,0
476,55,61,54,160,2.0,5,0.0,2,0,1,10,56.66666666666666,0,0,0,0.55,0.5301204819277109,0.4888888888888889,0
134,53,58,65,900,2.0,9,0.0,1,0,0,11,58.66666666666666,0,2,0,0.53,0.4939759036144578,0.611111111111111,0
596,59,65,66,926,3.0,7,0.0,2,1,1,12,63.333333333333336,1,1,0,0.59,0.5783132530120483,0.6222222222222222,0
43,50,56,54,596,2.0,6,0.0,2,0,0,13,53.333333333333336,0,0,0,0.5,0.4698795180722892,0.4888888888888889,0
216,65,54,57,92,2.0,9,0.0,1,0,1,4,58.66666666666666,0,2,0,0.65,0.4457831325301205,0.5222222222222221,0
528,55,65,62,688,2.0,7,0.0,1,1,0,9,60.66666666666666,0,1,0,0.55,0.5783132530120483,0.5777777777777777,0
750,66,71,76,955,2.0,8,0.0,1,0,1,3,71.0,0,1,0,0.66,0.6506024096385543,0.7333333333333333,0
193,57,74,76,802,2.0,9,0.0,2,1,0,5,69.0,0,2,0,0.5700000000000001,0.6867469879518073,0.7333333333333333,0
463,82,84,82,923,2.0,7,0.0,1,1,1,7,82.66666666666667,0,1,0,0.8200000000000001,0.8072289156626508,0.7999999999999999,1
569,53,55,48,298,3.0,8,0.0,1,0,0,14,52.0,1,1,0,0.53,0.4578313253012048,0.4222222222222222,0
89,77,69,68,901,2.0,9,0.0,2,1,0,6,71.33333333333333,0,2,0,0.77,0.6265060240963856,0.6444444444444444,0
199,53,44,42,625,3.0,5,0.0,1,0,1,8,46.333333333333336,1,0,0,0.53,0.3253012048192771,0.3555555555555555,2
790,71,84,87,243,1.0,8,0.0,2,1,0,0,80.66666666666667,0,1,0,0.71,0.8072289156626508,0.8555555555555555,1
888,33,41,43,0,2.0,9,0.0,2,0,0,1,39.0,0,2,0,0.33,0.2891566265060241,0.3666666666666667,2
637,82,85,86,313,2.0,7,0.0,1,1,0,2,84.33333333333333,0,1,0,0.8200000000000001,0.819277108433735,0.8444444444444444,1
88,52,55,49,932,2.0,8,0.0,1,0,1,10,52.0,0,1,0,0.52,0.4578313253012048,0.4333333333333334,0
248,58,59,58,862,3.0,7,0.0,1,1,0,11,58.333333333333336,1,1,0,0.58,0.5060240963855422,0.5333333333333333,0
295,0,17,10,433,1.0,5,0.0,2,0,0,12,9.0,0,0,0,0.0,0.0,0.0,2
646,79,74,72,336,4.0,6,0.0,2,1,1,13,75.0,1,0,0,0.79,0.6867469879518073,0.6888888888888889,0
426,39,39,34,416,1.0,7,0.0,2,0,0,4,37.333333333333336,0,1,0,0.39,0.2650602409638554,0.2666666666666666,2
633,62,61,55,793,2.0,8,0.0,2,0,0,9,59.333333333333336,0,1,0,0.62,0.5301204819277109,0.5,0
109,69,80,71,278,2.0,5,0.0,1,0,1,3,73.33333333333333,0,0,0,0.6900000000000001,0.7590361445783133,0.6777777777777778,0
246,59,58,59,851,1.0,6,0.0,1,0,1,5,58.66666666666666,0,0,0,0.59,0.4939759036144578,0.5444444444444444,0
562,67,64,61,571,1.0,9,0.0,1,0,0,7,64.0,0,2,0,0.67,0.5662650602409639,0.5666666666666667,0
97,45,37,37,716,1.0,8,0.0,2,0,0,14,39.66666666666666,0,1,0,0.45,0.2409638554216867,0.3,2
809,60,72,74,634,3.0,7,0.0,1,0,1,6,68.66666666666667,1,1,0,0.6,0.6626506024096386,0.7111111111111111,0
942,61,58,56,396,2.0,6,0.0,2,0,1,8,58.333333333333336,0,0,0,0.61,0.4939759036144578,0.5111111111111111,0
361,39,64,57,216,2.0,9,0.0,1,0,1,0,53.333333333333336,0,2,0,0.39,0.5662650602409639,0.5222222222222221,0
699,58,63,73,820,3.0,8,0.0,2,1,1,1,64.66666666666667,1,1,0,0.58,0.5542168674698795,0.7,0
165,63,55,63,174,3.0,7,0.0,1,1,0,2,60.333333333333336,1,1,0,0.63,0.4578313253012048,0.5888888888888889,0
788,41,51,48,744,2.0,8,0.0,2,0,0,10,46.66666666666666,0,1,0,0.41,0.4096385542168674,0.4222222222222222,2
310,61,57,56,731,1.0,7,0.0,2,0,0,11,58.0,0,1,0,0.61,0.4819277108433735,0.5111111111111111,0
488,49,49,41,645,1.0,8,0.0,1,0,0,12,46.333333333333336,0,1,0,0.49,0.3855421686746988,0.3444444444444444,2
904,44,41,38,495,2.0,9,0.0,2,0,1,13,41.0,0,2,0,0.44,0.2891566265060241,0.3111111111111111,2
913,30,26,22,425,1.0,8,0.0,1,0,1,4,26.0,0,1,0,0.3,0.108433734939759,0.1333333333333333,2
870,80,78,81,949,4.0,7,0.0,1,1,0,9,79.66666666666667,1,1,0,0.8,0.7349397590361446,0.7888888888888889,1
373,61,74,72,855,1.0,6,0.0,1,1,0,3,69.0,0,0,0,0.61,0.6867469879518073,0.6888888888888889,0
618,62,68,68,916,2.0,6,0.0,1,0,0,5,66.0,0,0,0,0.62,0.6144578313253013,0.6444444444444444,0
810,47,49,50,342,2.0,7,0.0,1,0,0,7,48.66666666666666,0,1,0,0.47,0.3855421686746988,0.4444444444444445,2
881,49,45,45,193,2.0,8,0.0,2,0,0,14,46.333333333333336,0,1,0,0.49,0.3373493975903615,0.3888888888888889,2
744,50,47,54,554,3.0,6,0.0,2,1,1,6,50.333333333333336,1,0,0,0.5,0.3614457831325302,0.4888888888888889,0
181,72,64,63,819,2.0,9,0.0,1,0,0,8,66.33333333333333,0,2,0,0.72,0.5662650602409639,0.5888888888888889,0
800,42,39,34,214,2.0,6,0.0,2,0,0,0,38.333333333333336,0,0,0,0.42,0.2650602409638554,0.2666666666666666,2
836,73,80,82,530,3.0,7,0.0,1,0,0,1,78.33333333333333,1,1,0,0.73,0.7590361445783133,0.7999999999999999,1
610,76,83,88,580,3.0,8,0.0,2,0,0,2,82.33333333333333,1,1,0,0.76,0.7951807228915663,0.8666666666666667,1
126,71,71,74,29,2.0,7,0.0,1,0,1,10,72.0,0,1,0,0.71,0.6506024096385543,0.7111111111111111,0
207,58,70,67,239,3.0,8,0.0,1,0,0,11,65.0,1,1,0,0.58,0.6385542168674699,0.6333333333333333,0
383,73,86,82,154,1.0,8,0.0,1,0,1,12,80.33333333333333,0,1,0,0.73,0.8313253012048193,0.7999999999999999,1
709,65,72,74,922,4.0,7,0.0,1,0,1,13,70.33333333333333,1,1,0,0.65,0.6626506024096386,0.7111111111111111,0
178,27,34,36,325,2.0,6,0.0,2,0,1,4,32.333333333333336,0,0,0,0.27,0.2048192771084337,0.2888888888888889,2
268,71,79,71,693,2.0,7,0.0,1,0,1,9,73.66666666666667,0,1,0,0.71,0.746987951807229,0.6777777777777778,0
61,79,86,92,153,3.0,7,0.0,1,0,0,3,85.66666666666667,1,1,0,0.79,0.8313253012048193,0.9111111111111112,1
710,78,81,82,10,2.0,6,0.0,2,1,0,5,80.33333333333333,0,0,0,0.78,0.7710843373493976,0.7999999999999999,1
168,65,66,62,120,1.0,6,0.0,1,1,0,7,64.33333333333333,0,0,0,0.65,0.5903614457831325,0.5777777777777777,0
868,63,72,70,422,3.0,7,0.0,1,1,0,14,68.33333333333333,1,1,0,0.63,0.6626506024096386,0.6666666666666666,0
585,58,67,62,461,3.0,9,0.0,2,0,0,6,62.333333333333336,1,2,0,0.58,0.6024096385542169,0.5777777777777777,0
630,65,67,62,892,4.0,7,0.0,1,0,0,8,64.66666666666667,1,1,0,0.65,0.6024096385542169,0.5777777777777777,0
504,79,67,67,451,3.0,8,0.0,1,0,1,0,71.0,1,1,0,0.79,0.6024096385542169,0.6333333333333333,0
180,68,74,74,654,4.0,9,0.0,1,1,1,1,72.0,1,2,0,0.68,0.6867469879518073,0.7111111111111111,0
592,85,91,89,614,2.0,7,0.0,1,0,1,2,88.33333333333333,0,1,0,0.85,0.8915662650602411,0.8777777777777778,1
99,60,44,47,845,2.0,8,0.0,1,1,0,10,50.333333333333336,0,1,0,0.6,0.3253012048192771,0.4111111111111111,0
843,98,86,90,375,3.0,9,0.0,1,1,1,11,91.33333333333331,1,2,0,0.98,0.8313253012048193,0.8888888888888888,1
532,58,67,72,881,3.0,5,0.0,1,0,0,12,65.66666666666667,1,0,0,0.58,0.6024096385542169,0.6888888888888889,0
271,87,100,100,472,2.0,7,0.0,1,0,1,13,95.66666666666669,0,1,0,0.87,1.0,1.0,1
721,66,63,64,515,2.0,8,0.0,1,1,0,4,64.33333333333333,0,1,0,0.66,0.5542168674698795,0.6,0
466,52,76,70,331,2.0,9,0.0,2,0,0,9,66.0,0,2,0,0.52,0.710843373493976,0.6666666666666666,0
395,70,64,72,906,1.0,7,0.0,1,0,0,3,68.66666666666667,0,1,0,0.7000000000000001,0.5662650602409639,0.6888888888888889,0
467,77,89,98,330,2.0,8,0.0,2,1,0,5,88.0,0,1,0,0.77,0.8674698795180723,0.977777777777778,1
239,62,55,49,604,2.0,7,0.0,1,0,1,7,55.333333333333336,0,1,0,0.62,0.4578313253012048,0.4333333333333334,0
612,54,53,47,156,2.0,5,0.0,1,0,1,14,51.333333333333336,0,0,0,0.54,0.4337349397590362,0.4111111111111111,0
164,51,58,54,162,3.0,6,0.0,1,0,1,6,54.333333333333336,1,0,0,0.51,0.4939759036144578,0.4888888888888889,0
478,99,100,100,290,4.0,7,0.0,1,1,1,8,99.66666666666669,1,1,0,0.99,1.0,1.0,1
319,84,77,74,504,2.0,8,0.0,1,0,1,0,78.33333333333333,0,1,0,0.84,0.7228915662650603,0.7111111111111111,1
39,75,85,82,781,4.0,5,0.0,2,0,1,1,80.66666666666667,1,0,0,0.75,0.819277108433735,0.7999999999999999,1
100,78,82,79,262,4.0,6,0.0,1,0,0,2,79.66666666666667,1,0,0,0.78,0.783132530120482,0.7666666666666666,1
472,51,63,61,782,1.0,9,0.0,1,0,0,10,58.333333333333336,0,2,0,0.51,0.5542168674698795,0.5666666666666667,0
956,55,69,65,612,3.0,6,0.0,1,0,0,11,63.0,1,0,0,0.55,0.6265060240963856,0.611111111111111,0
813,79,92,89,380,4.0,7,0.0,1,1,0,12,86.66666666666667,1,1,0,0.79,0.9036144578313252,0.8777777777777778,1
581,91,89,92,341,2.0,8,0.0,1,1,1,13,90.66666666666669,0,1,0,0.91,0.8674698795180723,0.9111111111111112,1
106,88,93,93,640,3.0,7,0.0,1,1,1,4,91.33333333333331,1,1,0,0.88,0.9156626506024098,0.9222222222222224,1
396,63,57,56,389,2.0,8,0.0,2,0,0,9,58.66666666666666,0,1,0,0.63,0.4819277108433735,0.5111111111111111,0
38,83,80,73,575,3.0,7,0.0,1,0,0,3,78.66666666666667,1,1,0,0.8300000000000001,0.7590361445783133,0.7,1
952,87,95,86,899,2.0,6,0.0,1,0,1,5,89.33333333333333,0,0,0,0.87,0.9397590361445785,0.8444444444444444,1
696,72,68,67,610,1.0,9,0.0,1,0,1,7,69.0,0,2,0,0.72,0.6144578313253013,0.6333333333333333,0
13,65,77,74,399,3.0,8,0.0,1,1,0,14,72.0,1,1,0,0.65,0.7228915662650603,0.7111111111111111,0
376,82,82,74,613,2.0,7,0.0,1,0,0,6,79.33333333333333,0,1,0,0.8200000000000001,0.783132530120482,0.7111111111111111,1
705,51,49,51,516,4.0,6,0.0,1,0,0,8,50.333333333333336,1,0,0,0.51,0.3855421686746988,0.4555555555555555,0
840,89,84,82,103,2.0,8,0.0,1,0,1,0,85.0,0,1,0,0.89,0.8072289156626508,0.7999999999999999,1
259,53,37,40,474,1.0,7,0.0,2,1,1,1,43.333333333333336,0,1,0,0.53,0.2409638554216867,0.3333333333333333,2
369,87,74,70,902,3.0,8,0.0,2,1,0,2,77.0,1,1,0,0.87,0.6867469879518073,0.6666666666666666,1
867,75,81,84,464,3.0,7,0.0,1,1,0,10,80.0,1,1,0,0.75,0.7710843373493976,0.8222222222222222,1
762,74,79,75,315,4.0,6,0.0,2,1,0,11,76.0,1,0,0,0.74,0.746987951807229,0.7222222222222222,1
927,58,55,48,545,4.0,7,0.0,1,0,0,12,53.66666666666666,1,1,0,0.58,0.4578313253012048,0.4222222222222222,0
490,51,54,41,114,1.0,9,0.0,1,1,0,13,48.66666666666666,0,2,0,0.51,0.4457831325301205,0.3444444444444444,2
680,70,55,56,880,2.0,7,0.0,1,0,1,4,60.333333333333336,0,1,0,0.7000000000000001,0.4578313253012048,0.5111111111111111,0
554,59,66,67,281,2.0,7,0.0,1,0,0,9,64.0,0,1,0,0.59,0.5903614457831325,0.6333333333333333,0
604,71,61,69,905,3.0,8,0.0,1,1,0,3,67.0,1,1,0,0.71,0.5301204819277109,0.6555555555555556,0
598,76,72,71,652,1.0,5,0.0,1,0,1,5,73.0,0,0,0,0.76,0.6626506024096386,0.6777777777777778,0
606,59,62,64,111,3.0,7,0.0,2,0,0,7,61.66666666666666,1,1,0,0.59,0.5421686746987953,0.6,0
343,42,55,54,562,3.0,8,0.0,2,1,1,14,50.333333333333336,1,1,0,0.42,0.4578313253012048,0.4888888888888889,0
154,57,43,47,27,2.0,9,0.0,1,0,0,6,49.0,0,2,0,0.5700000000000001,0.3132530120481928,0.4111111111111111,2
289,88,73,78,19,3.0,8,0.0,1,0,1,8,79.66666666666667,1,1,0,0.88,0.674698795180723,0.7555555555555555,1
599,22,39,33,730,3.0,7,0.0,2,0,1,0,31.33333333333333,1,1,0,0.22,0.2650602409638554,0.2555555555555556,2
485,88,84,75,944,1.0,6,0.0,1,0,1,1,82.33333333333333,0,0,0,0.88,0.8072289156626508,0.7222222222222222,1
739,73,68,66,586,2.0,5,0.0,2,0,0,2,69.0,0,0,0,0.73,0.6144578313253013,0.6222222222222222,0
678,68,75,81,790,4.0,7,0.0,1,1,0,10,74.66666666666667,1,1,0,0.68,0.6987951807228916,0.7888888888888889,0
125,100,100,93,145,2.0,1,0.0,2,1,1,11,97.66666666666669,0,0,0,1.0,1.0,0.9222222222222224,1
410,62,67,69,743,1.0,0,0.0,1,1,0,12,66.0,0,0,0,0.62,0.6024096385542169,0.6555555555555556,0
256,77,67,68,849,4.0,7,0.0,1,0,1,13,70.66666666666667,1,1,0,0.77,0.6024096385542169,0.6444444444444444,0
661,59,70,66,310,2.0,7,0.0,1,1,1,4,65.0,0,1,0,0.59,0.6385542168674699,0.6222222222222222,0
729,54,49,47,506,4.0,8,0.0,1,0,0,9,50.0,1,1,0,0.54,0.3855421686746988,0.4111111111111111,2
609,62,67,61,894,1.0,6,0.0,1,0,0,3,63.333333333333336,0,0,0,0.62,0.6024096385542169,0.5666666666666667,0
570,70,89,88,557,3.0,7,0.0,1,1,0,5,82.33333333333333,1,1,0,0.7000000000000001,0.8674698795180723,0.8666666666666667,1
849,66,74,78,560,2.0,7,0.0,2,1,0,7,72.66666666666667,0,1,0,0.66,0.6867469879518073,0.7555555555555555,0
893,60,60,60,58,3.0,8,0.0,2,0,0,14,60.0,1,1,0,0.6,0.5180722891566265,0.5555555555555556,0
258,61,86,87,536,2.0,7,0.0,1,1,0,6,78.0,0,1,0,0.61,0.8313253012048193,0.8555555555555555,1
925,66,62,64,786,2.0,8,0.0,2,0,1,8,64.0,0,1,0,0.66,0.5421686746987953,0.6,0
751,82,78,74,816,2.0,7,0.0,2,1,0,0,78.0,0,1,0,0.8200000000000001,0.7349397590361446,0.7111111111111111,1
186,75,88,85,659,3.0,6,0.0,2,1,1,1,82.66666666666667,1,0,0,0.75,0.855421686746988,0.8333333333333334,1
647,49,53,52,312,2.0,7,0.0,2,0,1,2,51.333333333333336,0,1,0,0.49,0.4337349397590362,0.4666666666666667,0
934,52,53,49,918,2.0,8,0.0,1,0,0,10,51.333333333333336,0,1,0,0.52,0.4337349397590362,0.4333333333333334,0
71,96,100,100,226,4.0,6,0.0,1,1,0,11,98.66666666666669,1,0,0,0.96,1.0,1.0,1
876,53,51,51,344,2.0,7,0.0,2,1,0,12,51.66666666666666,0,1,0,0.53,0.4096385542168674,0.4555555555555555,0
205,58,76,78,772,2.0,8,0.0,2,1,1,13,70.66666666666667,0,1,0,0.58,0.710843373493976,0.7555555555555555,0
225,68,83,78,584,2.0,9,0.0,1,1,0,4,76.33333333333333,0,2,0,0.68,0.7951807228915663,0.7555555555555555,1
824,67,75,70,863,3.0,6,0.0,2,1,0,9,70.66666666666667,1,0,0,0.67,0.6987951807228916,0.6666666666666666,0
793,72,73,74,274,2.0,5,0.0,1,1,1,3,73.0,0,0,0,0.72,0.674698795180723,0.7111111111111111,0
157,94,88,78,192,1.0,7,0.0,1,0,0,5,86.66666666666667,0,1,0,0.94,0.855421686746988,0.7555555555555555,1
202,79,86,81,388,3.0,8,0.0,1,0,1,7,82.0,1,1,0,0.79,0.8313253012048193,0.7888888888888889,1
657,63,67,70,653,2.0,9,0.0,1,0,0,14,66.66666666666667,0,2,0,0.63,0.6024096385542169,0.6666666666666666,0
923,43,51,54,848,4.0,9,0.0,2,1,0,6,49.333333333333336,1,2,0,0.43,0.4096385542168674,0.4888888888888889,2
213,81,91,87,868,2.0,7,0.0,1,1,0,8,86.33333333333333,0,1,0,0.81,0.8915662650602411,0.8555555555555555,1
247,46,54,58,143,2.0,8,0.0,2,1,0,0,52.66666666666666,0,1,0,0.46,0.4457831325301205,0.5333333333333333,0
951,71,77,77,805,2.0,9,0.0,1,1,0,1,75.0,0,2,0,0.71,0.7228915662650603,0.7444444444444445,0
206,52,70,62,595,2.0,7,0.0,2,1,1,2,61.333333333333336,0,1,0,0.52,0.6385542168674699,0.5777777777777777,0
688,97,100,100,199,1.0,8,0.0,1,1,0,10,99.0,0,1,0,0.97,1.0,1.0,1
903,62,68,75,24,2.0,9,0.0,2,1,1,11,68.33333333333333,0,2,0,0.62,0.6144578313253013,0.7222222222222222,0
590,46,64,66,694,3.0,5,0.0,2,0,0,12,58.66666666666666,1,0,0,0.46,0.5662650602409639,0.6222222222222222,0
884,50,50,47,813,2.0,7,0.0,1,0,0,13,49.0,0,1,0,0.5,0.3975903614457832,0.4111111111111111,2
516,65,69,70,166,2.0,8,0.0,1,0,0,4,68.0,0,1,0,0.65,0.6265060240963856,0.6666666666666666,0
335,45,52,49,23,1.0,9,0.0,2,1,0,9,48.66666666666666,0,2,0,0.45,0.4216867469879518,0.4333333333333334,2
198,65,67,65,359,2.0,7,0.0,2,1,1,3,65.66666666666667,0,1,0,0.65,0.6024096385542169,0.611111111111111,0
679,80,76,65,264,2.0,8,0.0,1,0,1,5,73.66666666666667,0,1,0,0.8,0.710843373493976,0.611111111111111,0
356,62,66,68,427,1.0,7,0.0,1,1,0,7,65.33333333333333,0,1,0,0.62,0.5903614457831325,0.6444444444444444,0
217,48,52,45,671,1.0,6,0.0,2,0,1,14,48.333333333333336,0,0,0,0.48,0.4216867469879518,0.3888888888888889,2
348,77,88,87,856,4.0,8,0.0,1,0,1,6,84.0,1,1,0,0.77,0.855421686746988,0.8555555555555555,1
438,66,65,69,721,2.0,7,0.0,1,0,1,8,66.66666666666667,0,1,0,0.66,0.5783132530120483,0.6555555555555556,0
953,76,83,79,806,3.0,8,0.0,1,1,1,0,79.33333333333333,1,1,0,0.76,0.7951807228915663,0.7666666666666666,1
176,62,64,66,925,1.0,7,0.0,1,0,0,1,64.0,0,1,0,0.62,0.5662650602409639,0.6222222222222222,0
541,77,62,62,267,3.0,6,0.0,1,1,0,2,67.0,1,0,0,0.77,0.5421686746987953,0.5777777777777777,0
346,69,84,85,732,2.0,7,0.0,1,1,1,10,79.33333333333333,0,1,0,0.6900000000000001,0.8072289156626508,0.8333333333333334,1
861,61,55,52,40,2.0,9,0.0,1,0,0,11,56.0,0,2,0,0.61,0.4578313253012048,0.4666666666666667,0
359,59,69,65,107,1.0,7,0.0,2,1,1,12,64.33333333333333,0,1,0,0.59,0.6265060240963856,0.611111111111111,0
718,55,56,51,556,2.0,7,0.0,2,0,0,13,54.0,0,1,0,0.55,0.4698795180722892,0.4555555555555555,0
215,45,53,55,220,3.0,8,0.0,2,0,0,4,51.0,1,1,0,0.45,0.4337349397590362,0.5,0
23,67,84,86,764,2.0,7,0.0,1,1,1,9,79.0,0,1,0,0.67,0.8072289156626508,0.8444444444444444,1
414,65,81,77,51,3.0,8,0.0,2,0,1,3,74.33333333333333,1,1,0,0.65,0.7710843373493976,0.7444444444444445,0
635,69,77,69,72,2.0,9,0.0,1,0,0,5,71.66666666666667,0,2,0,0.6900000000000001,0.7228915662650603,0.6555555555555556,0
509,57,69,68,44,2.0,8,0.0,1,0,1,7,64.66666666666667,0,1,0,0.5700000000000001,0.6265060240963856,0.6444444444444444,0
649,59,41,42,110,3.0,7,0.0,1,0,0,14,47.333333333333336,1,1,0,0.59,0.2891566265060241,0.3555555555555555,2
387,74,71,78,76,1.0,6,0.0,1,1,1,6,74.33333333333333,0,0,0,0.74,0.6506024096385543,0.7555555555555555,0
665,82,62,62,6,4.0,5,0.0,1,0,0,8,68.66666666666667,1,0,0,0.8200000000000001,0.5421686746987953,0.5777777777777777,0
320,81,80,76,201,2.0,7,0.0,1,1,0,0,79.0,0,1,0,0.81,0.7590361445783133,0.7333333333333333,1
958,74,81,76,249,3.0,1,0.0,2,0,0,1,77.0,1,0,0,0.74,0.7710843373493976,0.7333333333333333,1
636,58,61,66,225,3.0,0,0.0,2,0,0,2,61.66666666666666,1,0,0,0.58,0.5301204819277109,0.6222222222222222,0
379,80,79,79,263,1.0,7,0.0,2,1,1,10,79.33333333333333,0,1,0,0.8,0.746987951807229,0.7666666666666666,1
933,35,28,27,883,3.0,7,0.0,2,0,0,11,30.0,1,1,0,0.35,0.1325301204819277,0.1888888888888888,2
375,42,62,60,661,2.0,8,0.0,2,0,1,12,54.66666666666666,0,1,0,0.42,0.5421686746987953,0.5555555555555556,0
450,60,51,56,635,2.0,6,0.0,2,1,1,13,55.66666666666666,0,0,0,0.6,0.4096385542168674,0.5111111111111111,0
677,87,91,81,130,2.0,7,0.0,1,1,0,4,86.33333333333333,0,1,0,0.87,0.8915662650602411,0.7888888888888889,1
736,84,83,75,847,1.0,7,0.0,1,1,0,9,80.66666666666667,0,1,0,0.84,0.7951807228915663,0.7222222222222222,1
197,83,86,88,792,2.0,8,0.0,2,1,0,3,85.66666666666667,0,1,0,0.8300000000000001,0.8313253012048193,0.8666666666666667,1
597,34,42,39,148,2.0,7,0.0,2,0,1,5,38.333333333333336,0,1,0,0.34,0.3012048192771085,0.3222222222222222,2
550,66,77,70,224,2.0,8,0.0,2,0,0,7,71.0,0,1,0,0.66,0.7228915662650603,0.6666666666666666,0
308,56,68,74,356,2.0,6,0.0,1,1,1,14,66.0,0,0,0,0.56,0.6144578313253013,0.7111111111111111,0
887,87,85,73,540,2.0,7,0.0,1,0,0,6,81.66666666666667,0,1,0,0.87,0.819277108433735,0.7,1
46,55,65,62,137,1.0,8,0.0,2,0,1,8,60.66666666666666,0,1,0,0.55,0.5783132530120483,0.5777777777777777,0
25,86,80,75,639,1.0,9,0.0,1,0,0,0,80.33333333333333,0,2,0,0.86,0.7590361445783133,0.7222222222222222,1
473,52,66,73,454,2.0,6,0.0,1,1,0,1,63.66666666666666,0,0,0,0.52,0.5903614457831325,0.7,0
83,45,56,54,784,2.0,7,0.0,2,0,0,2,51.66666666666666,0,1,0,0.45,0.4698795180722892,0.4888888888888889,0
825,72,72,71,832,3.0,8,0.0,1,0,0,10,71.66666666666667,1,1,0,0.72,0.6626506024096386,0.6777777777777778,0
363,57,50,54,445,2.0,9,0.0,1,0,1,11,53.66666666666666,0,2,0,0.5700000000000001,0.3975903614457832,0.4888888888888889,0
828,68,72,64,125,1.0,6,0.0,2,0,1,12,68.0,0,0,0,0.68,0.6626506024096386,0.6,0
662,88,95,94,54,3.0,5,0.0,1,1,0,13,92.33333333333331,1,0,0,0.88,0.9397590361445785,0.9333333333333332,1
209,76,64,66,370,3.0,7,0.0,1,0,1,4,68.66666666666667,1,1,0,0.76,0.5662650602409639,0.6222222222222222,0
866,46,43,42,893,2.0,8,0.0,1,0,1,9,43.66666666666666,0,1,0,0.46,0.3132530120481928,0.3555555555555555,2
299,67,86,83,753,4.0,9,0.0,1,0,1,3,78.66666666666667,1,2,0,0.67,0.8313253012048193,0.8111111111111111,1
34,92,87,78,777,1.0,9,0.0,1,0,0,5,85.66666666666667,0,2,0,0.92,0.8433734939759038,0.7555555555555555,1
142,83,82,84,368,4.0,7,0.0,1,1,0,7,83.0,1,1,0,0.8300000000000001,0.783132530120482,0.8222222222222222,1
403,80,75,77,526,2.0,8,0.0,1,0,1,14,77.33333333333333,0,1,0,0.8,0.6987951807228916,0.7444444444444445,1
907,63,66,67,668,4.0,9,0.0,2,0,0,6,65.33333333333333,1,2,0,0.63,0.5903614457831325,0.6333333333333333,0
774,64,60,74,646,1.0,7,0.0,1,1,0,8,66.0,0,1,0,0.64,0.5180722891566265,0.7111111111111111,0
8,54,52,51,191,3.0,8,0.0,1,0,0,0,52.333333333333336,1,1,0,0.54,0.4216867469879518,0.4555555555555555,0
433,84,80,80,740,2.0,9,0.0,1,0,0,1,81.33333333333333,0,2,0,0.84,0.7590361445783133,0.7777777777777778,1
53,73,68,66,438,2.0,5,0.0,2,1,0,2,69.0,0,0,0,0.73,0.6144578313253013,0.6222222222222222,0
121,80,83,83,159,4.0,7,0.0,1,0,1,10,82.0,1,1,0,0.8,0.7951807228915663,0.8111111111111111,1
865,56,52,55,678,2.0,8,0.0,1,0,0,11,54.333333333333336,0,1,0,0.56,0.4216867469879518,0.5,0
183,59,51,43,188,3.0,9,0.0,1,0,1,12,51.0,1,2,0,0.59,0.4096385542168674,0.3666666666666667,0
469,75,74,69,333,1.0,7,0.0,1,0,1,13,72.66666666666667,0,1,0,0.75,0.6867469879518073,0.6555555555555556,0
394,85,76,71,933,2.0,8,0.0,1,0,0,4,77.33333333333333,0,1,0,0.85,0.710843373493976,0.6777777777777778,1
138,58,70,68,291,2.0,6,0.0,1,1,1,9,65.33333333333333,0,0,0,0.58,0.6385542168674699,0.6444444444444444,0
756,65,64,62,676,2.0,9,0.0,1,0,0,3,63.66666666666666,0,2,0,0.65,0.5662650602409639,0.5777777777777777,0
915,68,60,53,807,2.0,7,0.0,1,0,1,5,60.333333333333336,0,1,0,0.68,0.5180722891566265,0.4777777777777778,0
355,47,49,49,462,1.0,6,0.0,1,1,0,7,48.333333333333336,0,0,0,0.47,0.3855421686746988,0.4333333333333334,2
641,80,80,72,232,2.0,8,0.0,1,0,0,14,77.33333333333333,0,1,0,0.8,0.7590361445783133,0.6888888888888889,1
706,54,52,52,1,2.0,9,0.0,1,0,0,6,52.66666666666666,0,2,0,0.54,0.4216867469879518,0.4666666666666667,0
240,62,73,70,200,3.0,7,0.0,1,0,1,8,68.33333333333333,1,1,0,0.62,0.674698795180723,0.6666666666666666,0
252,64,73,68,177,2.0,8,0.0,2,0,0,0,68.33333333333333,0,1,0,0.64,0.674698795180723,0.6444444444444444,0
704,78,77,77,503,2.0,9,0.0,1,1,1,1,77.33333333333333,0,2,0,0.78,0.7228915662650603,0.7444444444444445,1
281,70,75,78,719,3.0,5,0.0,1,0,1,2,74.33333333333333,1,0,0,0.7000000000000001,0.6987951807228916,0.7555555555555555,0
773,65,81,81,320,2.0,7,0.0,2,1,1,10,75.66666666666667,0,1,0,0.65,0.7710843373493976,0.7888888888888889,1
577,64,79,77,55,1.0,8,0.0,2,1,0,11,73.33333333333333,0,1,0,0.64,0.746987951807229,0.7444444444444445,0
789,79,79,78,282,3.0,9,0.0,1,1,1,12,78.66666666666667,1,2,0,0.79,0.746987951807229,0.7555555555555555,1
366,44,50,51,810,1.0,7,0.0,2,0,0,13,48.333333333333336,0,1,0,0.44,0.3975903614457832,0.4555555555555555,2
818,99,93,90,93,2.0,8,0.0,1,0,1,4,94.0,0,1,0,0.99,0.9156626506024098,0.8888888888888888,1
14,76,73,68,482,2.0,7,0.0,1,0,1,9,72.33333333333333,0,1,0,0.76,0.674698795180723,0.6444444444444444,0
120,59,42,41,570,1.0,5,0.0,2,0,0,3,47.333333333333336,0,0,0,0.59,0.3012048192771085,0.3444444444444444,2
954,63,75,81,181,4.0,6,0.0,1,0,0,5,73.0,1,0,0,0.63,0.6987951807228916,0.7888888888888889,0
681,69,72,77,637,2.0,7,0.0,1,0,0,7,72.66666666666667,0,1,0,0.6900000000000001,0.6626506024096386,0.7444444444444445,0
79,88,92,95,673,2.0,8,0.0,1,1,0,14,91.66666666666669,0,1,0,0.88,0.9036144578313252,0.9444444444444444,1
801,69,63,61,768,4.0,6,0.0,1,0,1,6,64.33333333333333,1,0,0,0.6900000000000001,0.5542168674698795,0.5666666666666667,0
159,58,49,42,534,3.0,9,0.0,1,0,0,8,49.66666666666666,1,2,0,0.58,0.3855421686746988,0.3555555555555555,2
486,47,53,58,352,2.0,8,0.0,2,0,1,0,52.66666666666666,0,1,0,0.47,0.4337349397590362,0.5333333333333333,0
491,65,70,71,402,3.0,7,0.0,1,0,0,1,68.66666666666667,1,1,0,0.65,0.6385542168674699,0.6777777777777778,0
728,88,85,76,837,3.0,6,0.0,1,1,1,2,83.0,1,0,0,0.88,0.819277108433735,0.7333333333333333,1
707,83,78,73,953,4.0,9,0.0,1,0,0,10,78.0,1,2,0,0.8300000000000001,0.7349397590361446,0.7,1
724,85,92,93,287,1.0,8,0.0,1,1,0,11,90.0,0,1,0,0.85,0.9036144578313252,0.9222222222222224,1
163,59,63,75,911,2.0,7,0.0,1,1,1,12,65.66666666666667,0,1,0,0.59,0.5542168674698795,0.7222222222222222,0
547,65,86,80,947,1.0,8,0.0,2,0,0,13,77.0,0,1,0,0.65,0.8313253012048193,0.7777777777777778,1
593,73,56,57,465,4.0,7,0.0,2,0,0,4,62.0,1,1,0,0.73,0.4698795180722892,0.5222222222222221,0
380,53,52,42,666,2.0,8,0.0,1,0,0,9,49.0,0,1,0,0.53,0.4216867469879518,0.3555555555555555,2
580,45,48,46,105,2.0,9,0.0,1,0,1,3,46.333333333333336,0,2,0,0.45,0.3734939759036145,0.4000000000000001,2
640,73,79,84,874,4.0,8,0.0,2,0,0,5,78.66666666666667,1,1,0,0.73,0.746987951807229,0.8222222222222222,1
656,70,78,78,824,3.0,7,0.0,2,1,0,7,75.33333333333333,1,1,0,0.7000000000000001,0.7349397590361446,0.7555555555555555,1
928,37,46,46,4,1.0,6,0.0,1,0,0,14,43.0,0,0,0,0.37,0.3493975903614458,0.4000000000000001,2
118,81,82,82,507,2.0,6,0.0,1,1,0,6,81.66666666666667,0,0,0,0.81,0.783132530120482,0.7999999999999999,1
947,97,82,88,797,2.0,7,0.0,1,1,0,8,89.0,0,1,0,0.97,0.783132530120482,0.8666666666666667,1
493,67,89,82,529,1.0,8,0.0,1,0,0,0,79.33333333333333,0,1,0,0.67,0.8674698795180723,0.7999999999999999,1
514,88,75,76,346,4.0,6,0.0,2,0,1,1,79.66666666666667,1,0,0,0.88,0.6987951807228916,0.7333333333333333,1
333,77,76,77,751,1.0,9,0.0,1,1,1,2,76.66666666666667,0,2,0,0.77,0.710843373493976,0.7444444444444445,1
265,86,73,70,448,1.0,7,0.0,1,0,1,10,76.33333333333333,0,1,0,0.86,0.674698795180723,0.6666666666666666,1
753,63,60,57,752,1.0,8,0.0,1,1,1,11,60.0,0,1,0,0.63,0.5180722891566265,0.5222222222222221,0
170,65,73,75,674,4.0,7,0.0,1,0,1,12,71.0,1,1,0,0.65,0.674698795180723,0.7222222222222222,0
534,78,77,80,547,2.0,8,0.0,2,1,0,13,78.33333333333333,0,1,0,0.78,0.7228915662650603,0.7777777777777778,1
233,67,62,60,656,2.0,8,0.0,2,0,1,4,63.0,0,1,0,0.67,0.5421686746987953,0.5555555555555556,0
686,46,41,43,950,1.0,7,0.0,1,1,0,9,43.333333333333336,0,1,0,0.46,0.2891566265060241,0.3666666666666667,2
276,71,74,68,429,2.0,6,0.0,1,1,0,3,71.0,0,0,0,0.71,0.6867469879518073,0.6444444444444444,0
135,40,46,50,808,2.0,7,0.0,2,1,0,5,45.333333333333336,0,1,0,0.4,0.3493975903614458,0.4444444444444445,2
653,90,87,75,172,2.0,8,0.0,2,0,0,7,84.0,0,1,0,0.9,0.8433734939759038,0.7222222222222222,1
35,81,78,81,444,3.0,7,0.0,2,1,1,14,80.0,1,1,0,0.81,0.7349397590361446,0.7888888888888889,1
101,56,54,52,709,1.0,6,0.0,2,0,0,6,54.0,0,0,0,0.56,0.4457831325301205,0.4666666666666667,0
292,67,84,81,129,2.0,6,0.0,1,1,1,8,77.33333333333333,0,0,0,0.67,0.8072289156626508,0.7888888888888889,1
45,80,76,64,309,2.0,7,0.0,1,0,0,0,73.33333333333333,0,1,0,0.8,0.710843373493976,0.6,0
409,74,75,83,155,2.0,9,0.0,1,1,1,1,77.33333333333333,0,2,0,0.74,0.6987951807228916,0.8111111111111111,1
73,69,67,69,930,3.0,7,0.0,1,0,1,2,68.33333333333333,1,1,0,0.6900000000000001,0.6024096385542169,0.6555555555555556,0
666,99,87,81,605,3.0,8,0.0,1,1,0,10,89.0,1,1,0,0.99,0.8433734939759038,0.7888888888888889,1
538,51,52,44,587,1.0,9,0.0,1,0,1,11,49.0,0,2,0,0.51,0.4216867469879518,0.3777777777777778,2
738,53,71,67,569,2.0,7,0.0,2,0,1,12,63.66666666666666,0,1,0,0.53,0.6506024096385543,0.6333333333333333,0
642,49,57,52,329,2.0,8,0.0,2,0,0,13,52.66666666666666,0,1,0,0.49,0.4819277108433735,0.4666666666666667,0
405,73,76,80,553,2.0,9,0.0,1,0,1,4,76.33333333333333,0,2,0,0.73,0.710843373493976,0.7777777777777778,1
905,66,60,57,3,4.0,5,0.0,1,0,0,9,61.0,1,0,0,0.66,0.5180722891566265,0.5222222222222221,0
191,68,67,69,869,2.0,8,0.0,2,1,0,3,68.0,0,1,0,0.68,0.6024096385542169,0.6555555555555556,0
201,59,64,75,410,4.0,9,0.0,1,1,1,5,66.0,1,2,0,0.59,0.5662650602409639,0.7222222222222222,0
107,71,66,65,643,2.0,7,0.0,1,0,0,7,67.33333333333333,0,1,0,0.71,0.5903614457831325,0.611111111111111,0
502,77,82,91,351,2.0,8,0.0,1,1,1,14,83.33333333333333,0,1,0,0.77,0.783132530120482,0.8999999999999999,1
264,83,72,78,913,2.0,7,0.0,1,0,0,6,77.66666666666667,0,1,0,0.8300000000000001,0.6626506024096386,0.7555555555555555,1
68,63,71,69,206,4.0,5,0.0,1,0,0,8,67.66666666666667,1,0,0,0.63,0.6506024096385543,0.6555555555555556,0
556,56,65,63,171,2.0,6,0.0,2,0,0,0,61.333333333333336,0,0,0,0.56,0.5783132530120483,0.5888888888888889,0
28,67,79,84,133,2.0,7,0.0,2,1,0,1,76.66666666666667,0,1,0,0.67,0.746987951807229,0.8222222222222222,1
858,75,86,79,428,2.0,8,0.0,1,0,0,2,80.0,0,1,0,0.75,0.8313253012048193,0.7666666666666666,1
86,71,81,80,251,3.0,5,0.0,1,0,0,10,77.33333333333333,1,0,0,0.71,0.7710843373493976,0.7777777777777778,1
461,43,53,53,304,1.0,6,0.0,2,0,1,11,49.66666666666666,0,0,0,0.43,0.4337349397590362,0.4777777777777778,2
766,41,46,43,31,2.0,9,0.0,2,0,0,12,43.333333333333336,0,2,0,0.41,0.3493975903614458,0.3666666666666667,2
683,82,90,94,194,3.0,6,0.0,1,0,0,13,88.66666666666667,1,0,0,0.8200000000000001,0.8795180722891568,0.9333333333333332,1
690,61,61,62,543,3.0,7,0.0,1,0,0,4,61.333333333333336,1,1,0,0.61,0.5301204819277109,0.5777777777777777,0
806,82,75,77,561,2.0,7,0.0,1,1,1,9,78.0,0,1,0,0.8200000000000001,0.6987951807228916,0.7444444444444445,1
746,41,55,51,85,1.0,8,0.0,1,0,1,3,49.0,0,1,0,0.41,0.4578313253012048,0.4555555555555555,2
404,71,60,61,468,2.0,7,0.0,1,0,0,5,64.0,0,1,0,0.71,0.5180722891566265,0.5666666666666667,0
501,47,37,35,505,2.0,6,0.0,1,0,1,7,39.66666666666666,0,0,0,0.47,0.2409638554216867,0.2777777777777778,2
548,62,56,53,392,2.0,9,0.0,1,1,0,14,57.0,0,2,0,0.62,0.4698795180722892,0.4777777777777778,0
171,90,78,81,57,2.0,8,0.0,1,0,0,6,83.0,0,1,0,0.9,0.7349397590361446,0.7888888888888889,1
340,73,74,61,87,3.0,6,0.0,1,0,1,8,69.33333333333333,1,0,0,0.73,0.6867469879518073,0.5666666666666667,0
241,66,76,68,566,2.0,8,0.0,2,0,1,0,70.0,0,1,0,0.66,0.710843373493976,0.6444444444444444,0
124,52,57,50,924,2.0,9,0.0,2,0,1,1,53.0,0,2,0,0.52,0.4819277108433735,0.4444444444444445,0
338,69,78,76,502,3.0,6,0.0,1,0,0,2,74.33333333333333,1,0,0,0.6900000000000001,0.7349397590361446,0.7333333333333333,0
682,65,84,84,144,2.0,5,0.0,1,1,1,10,77.66666666666667,0,0,0,0.65,0.8072289156626508,0.8222222222222222,1
475,69,77,78,353,2.0,8,0.0,1,1,0,11,74.66666666666667,0,1,0,0.6900000000000001,0.7228915662650603,0.7555555555555555,0
694,50,64,66,823,3.0,6,0.0,1,1,1,12,60.0,1,0,0,0.5,0.5662650602409639,0.6222222222222222,0
435,73,78,76,414,3.0,7,0.0,1,1,0,13,75.66666666666667,1,1,0,0.73,0.7349397590361446,0.7333333333333333,1
6,70,82,76,727,1.0,8,0.0,1,1,0,4,76.0,0,1,0,0.7000000000000001,0.783132530120482,0.7333333333333333,1
128,81,75,78,544,2.0,7,0.0,2,0,0,9,78.0,0,1,0,0.81,0.6987951807228916,0.7555555555555555,1
886,63,61,60,779,3.0,6,0.0,2,0,1,3,61.333333333333336,1,0,0,0.63,0.5301204819277109,0.5555555555555556,0
654,67,72,74,715,2.0,8,0.0,1,0,0,5,71.0,0,1,0,0.67,0.6626506024096386,0.7111111111111111,0
616,62,55,54,45,2.0,8,0.0,1,0,1,7,57.0,0,1,0,0.62,0.4578313253012048,0.4888888888888889,0
52,29,40,44,431,1.0,6,0.0,2,1,0,14,37.66666666666666,0,0,0,0.29,0.2771084337349397,0.3777777777777778,2
667,62,66,68,546,3.0,7,0.0,1,1,1,6,65.33333333333333,1,1,0,0.62,0.5903614457831325,0.6444444444444444,0
130,94,99,100,838,2.0,8,0.0,1,1,0,8,97.66666666666669,0,1,0,0.94,0.9879518072289156,1.0,1
908,85,75,68,910,3.0,7,0.0,1,1,0,0,76.0,1,1,0,0.85,0.6987951807228916,0.6444444444444444,1
111,77,78,73,583,2.0,8,0.0,2,0,1,1,76.0,0,1,0,0.77,0.7349397590361446,0.7,1
5,53,58,44,112,2.0,6,0.0,2,0,1,2,51.66666666666666,0,0,0,0.53,0.4939759036144578,0.3777777777777778,0
69,93,90,83,176,3.0,8,0.0,2,0,0,10,88.66666666666667,1,1,0,0.93,0.8795180722891568,0.8111111111111111,1
638,49,53,53,150,2.0,7,0.0,1,0,0,11,51.66666666666666,0,1,0,0.49,0.4337349397590362,0.4777777777777778,0
11,73,76,78,2,2.0,6,0.0,2,0,0,12,75.66666666666667,0,0,0,0.73,0.710843373493976,0.7555555555555555,1
50,66,74,81,638,4.0,9,0.0,2,1,1,13,73.66666666666667,1,2,0,0.66,0.6867469879518073,0.7888888888888889,0
117,77,77,73,787,2.0,7,0.0,1,0,1,4,75.66666666666667,0,1,0,0.77,0.7228915662650603,0.7,1
393,49,63,56,478,1.0,8,0.0,1,0,1,9,56.0,0,1,0,0.49,0.5542168674698795,0.5111111111111111,0
734,79,89,86,508,3.0,9,0.0,2,0,1,3,84.66666666666667,1,2,0,0.79,0.8674698795180723,0.8444444444444444,1
150,59,72,70,921,4.0,8,0.0,1,0,0,5,67.0,1,1,0,0.59,0.6626506024096386,0.6666666666666666,0
418,57,78,79,94,2.0,9,0.0,1,1,0,7,71.33333333333333,0,2,0,0.5700000000000001,0.7349397590361446,0.7666666666666666,0
539,66,66,59,327,2.0,5,0.0,2,0,0,14,63.66666666666666,0,0,0,0.66,0.5903614457831325,0.5444444444444444,0
196,79,81,82,420,4.0,7,0.0,1,1,1,6,80.66666666666667,1,1,0,0.79,0.7710843373493976,0.7999999999999999,1
763,57,67,72,857,1.0,8,0.0,1,0,1,8,65.33333333333333,0,1,0,0.5700000000000001,0.6024096385542169,0.6888888888888889,0
484,87,84,87,750,4.0,9,0.0,1,1,0,0,86.0,1,2,0,0.87,0.8072289156626508,0.8555555555555555,1
132,63,64,67,266,3.0,7,0.0,1,0,0,1,64.66666666666667,1,1,0,0.63,0.5662650602409639,0.6333333333333333,0
775,59,63,64,581,1.0,8,0.0,2,1,0,2,62.0,0,1,0,0.59,0.5542168674698795,0.6,0
230,62,72,65,421,4.0,7,0.0,2,0,1,10,66.33333333333333,1,1,0,0.62,0.6626506024096386,0.611111111111111,0
615,46,34,36,407,2.0,5,0.0,1,0,0,11,38.66666666666666,0,0,0,0.46,0.2048192771084337,0.2888888888888889,2
815,66,59,52,759,3.0,6,0.0,1,0,1,12,59.0,1,0,0,0.66,0.5060240963855422,0.4666666666666667,0
540,89,87,79,589,2.0,7,0.0,1,0,0,13,85.0,0,1,0,0.89,0.8433734939759038,0.7666666666666666,1
587,42,61,58,909,2.0,8,0.0,2,1,0,4,53.66666666666666,0,1,0,0.42,0.5301204819277109,0.5333333333333333,0
448,93,84,90,381,3.0,5,0.0,1,1,0,9,89.0,1,0,0,0.93,0.8072289156626508,0.8888888888888888,1
400,80,85,85,117,1.0,6,0.0,1,1,0,3,83.33333333333333,0,0,0,0.8,0.819277108433735,0.8333333333333334,1
112,98,100,99,686,3.0,9,0.0,1,0,0,5,99.0,1,2,0,0.98,1.0,0.9888888888888888,1
708,81,81,84,821,2.0,7,0.0,1,0,0,7,82.0,0,1,0,0.81,0.7710843373493976,0.8222222222222222,1
214,60,70,74,455,1.0,6,0.0,1,1,1,14,68.0,0,0,0,0.6,0.6385542168674699,0.7111111111111111,0
575,76,94,87,277,2.0,9,0.0,2,1,1,6,85.66666666666667,0,2,0,0.76,0.927710843373494,0.8555555555555555,1
571,73,78,72,361,2.0,7,0.0,1,1,0,8,74.33333333333333,0,1,0,0.73,0.7349397590361446,0.6888888888888889,0
0,96,96,99,401,2.0,8,0.0,1,1,0,0,97.0,0,1,0,0.96,0.9518072289156628,0.9888888888888888,1
365,76,76,74,204,2.0,9,0.0,1,0,0,1,75.33333333333333,0,2,0,0.76,0.710843373493976,0.7111111111111111,1
257,91,73,80,88,2.0,7,0.0,2,1,0,2,81.33333333333333,0,1,0,0.91,0.674698795180723,0.7777777777777778,1
226,62,72,70,303,3.0,8,0.0,2,0,1,10,68.0,1,1,0,0.62,0.6626506024096386,0.6666666666666666,0
851,55,59,59,658,1.0,9,0.0,2,1,0,11,57.66666666666666,0,2,0,0.55,0.5060240963855422,0.5444444444444444,0
90,74,90,88,363,1.0,5,0.0,2,1,0,12,84.0,0,0,0,0.74,0.8795180722891568,0.8666666666666667,1
446,50,48,42,746,2.0,7,0.0,1,0,0,13,46.66666666666666,0,1,0,0.5,0.3734939759036145,0.3555555555555555,2
110,81,74,71,347,3.0,9,0.0,1,1,0,4,75.33333333333333,1,2,0,0.81,0.6867469879518073,0.6777777777777778,1
922,65,75,77,710,2.0,7,0.0,1,1,0,9,72.33333333333333,0,1,0,0.65,0.6987951807228916,0.7444444444444445,0
574,68,51,57,276,1.0,8,0.0,1,1,0,3,58.66666666666666,0,1,0,0.68,0.4096385542168674,0.5222222222222221,0
783,73,92,84,415,2.0,7,0.0,2,0,1,5,83.0,0,1,0,0.73,0.9036144578313252,0.8222222222222222,1
115,53,39,37,248,3.0,5,0.0,1,0,1,7,43.0,1,0,0,0.53,0.2650602409638554,0.3,2
93,68,77,80,426,2.0,6,0.0,2,1,1,14,75.0,0,0,0,0.68,0.7228915662650603,0.7777777777777778,0
853,55,46,43,15,1.0,7,0.0,2,0,0,6,48.0,0,1,0,0.55,0.3493975903614458,0.3666666666666667,2
48,87,89,94,891,3.0,8,0.0,1,1,1,8,90.0,1,1,0,0.87,0.8674698795180723,0.9333333333333332,1
879,55,47,44,675,1.0,5,0.0,1,0,0,0,48.66666666666666,0,0,0,0.55,0.3614457831325302,0.3777777777777778,2
336,53,58,57,456,3.0,6,0.0,2,0,0,1,56.0,1,0,0,0.53,0.4939759036144578,0.5222222222222221,0
857,67,57,59,26,2.0,9,0.0,1,0,1,2,61.0,0,2,0,0.67,0.4819277108433735,0.5444444444444444,0
959,92,79,84,400,2.0,8,0.0,1,0,0,10,85.0,0,1,0,0.92,0.746987951807229,0.8222222222222222,1
703,53,66,73,512,3.0,7,0.0,2,1,1,11,64.0,1,1,0,0.53,0.5903614457831325,0.7,0
122,81,71,73,490,2.0,6,0.0,1,0,0,12,75.0,0,0,0,0.81,0.6506024096385543,0.7,0
712,61,60,55,579,2.0,9,0.0,2,0,0,13,58.66666666666666,0,2,0,0.61,0.5180722891566265,0.5,0
423,80,73,72,938,4.0,8,0.0,1,0,1,4,75.0,1,1,0,0.8,0.674698795180723,0.6888888888888889,0
628,37,57,56,116,2.0,7,0.0,2,0,0,9,50.0,0,1,0,0.37,0.4819277108433735,0.5111111111111111,2
430,81,84,82,196,2.0,8,0.0,1,0,0,3,82.33333333333333,0,1,0,0.81,0.8072289156626508,0.7999999999999999,1
675,59,73,72,523,2.0,7,0.0,1,1,1,5,68.0,0,1,0,0.59,0.674698795180723,0.6888888888888889,0
140,55,55,47,888,3.0,8,0.0,2,0,1,7,52.333333333333336,1,1,0,0.55,0.4578313253012048,0.4111111111111111,0
494,72,79,74,776,2.0,9,0.0,1,0,0,14,75.0,0,2,0,0.72,0.746987951807229,0.7111111111111111,0
899,69,64,68,283,3.0,7,0.0,1,0,1,6,67.0,1,1,0,0.6900000000000001,0.5662650602409639,0.6444444444444444,0
300,50,60,59,246,4.0,6,0.0,2,0,1,8,56.333333333333336,1,0,0,0.5,0.5180722891566265,0.5444444444444444,0
795,87,84,86,30,3.0,6,0.0,1,1,1,0,85.66666666666667,1,0,0,0.87,0.8072289156626508,0.8444444444444444,1
939,71,69,68,60,1.0,7,0.0,1,1,1,1,69.33333333333333,0,1,0,0.71,0.6265060240963856,0.6444444444444444,0
399,68,72,65,520,3.0,8,0.0,1,0,0,2,68.33333333333333,1,1,0,0.68,0.6626506024096386,0.611111111111111,0
877,79,77,75,754,2.0,6,0.0,2,1,0,10,77.0,0,0,0,0.79,0.7228915662650603,0.7222222222222222,1
388,77,90,85,168,1.0,9,0.0,1,1,1,11,84.0,0,2,0,0.77,0.8795180722891568,0.8333333333333334,1
229,58,55,53,565,2.0,6,0.0,2,0,1,12,55.333333333333336,0,0,0,0.58,0.4578313253012048,0.4777777777777778,0
632,84,95,92,236,2.0,7,0.0,1,0,0,13,90.33333333333331,0,1,0,0.84,0.9397590361445785,0.9111111111111112,1
401,55,58,52,99,3.0,8,0.0,1,0,1,4,55.0,1,1,0,0.55,0.4939759036144578,0.4666666666666667,0
566,70,68,72,483,4.0,7,0.0,2,1,0,9,70.0,1,1,0,0.7000000000000001,0.6144578313253013,0.6888888888888889,0
415,52,59,65,734,3.0,8,0.0,2,1,0,3,58.66666666666666,1,1,0,0.52,0.5060240963855422,0.611111111111111,0
918,69,77,77,240,3.0,8,0.0,1,1,1,5,74.33333333333333,1,1,0,0.6900000000000001,0.7228915662650603,0.7444444444444445,0
462,53,72,64,272,2.0,7,0.0,2,0,1,7,63.0,0,1,0,0.53,0.6626506024096386,0.6,0
777,48,58,54,126,1.0,6,0.0,1,0,1,14,53.333333333333336,0,0,0,0.48,0.4939759036144578,0.4888888888888889,0
354,78,81,86,209,1.0,7,0.0,1,1,0,6,81.66666666666667,0,1,0,0.78,0.7710843373493976,0.8444444444444444,1
731,62,62,63,677,2.0,8,0.0,1,0,0,8,62.333333333333336,0,1,0,0.62,0.5421686746987953,0.5888888888888889,0
855,60,63,59,778,3.0,7,0.0,1,0,0,0,60.66666666666666,1,1,0,0.6,0.5542168674698795,0.5444444444444444,0
280,74,72,72,16,2.0,6,0.0,1,0,1,1,72.66666666666667,0,0,0,0.74,0.6626506024096386,0.6888888888888889,0
568,58,75,77,348,2.0,6,0.0,1,1,0,2,70.0,0,0,0,0.58,0.6987951807228916,0.7444444444444445,0
814,76,62,60,591,2.0,7,0.0,1,1,0,10,66.0,0,1,0,0.76,0.5421686746987953,0.5555555555555556,0
298,68,71,75,52,1.0,9,0.0,1,0,0,11,71.33333333333333,0,2,0,0.68,0.6506024096385543,0.7222222222222222,0
54,58,60,57,594,3.0,7,0.0,2,0,1,12,58.333333333333336,1,1,0,0.58,0.5180722891566265,0.5222222222222221,0
329,52,48,49,889,2.0,8,0.0,1,0,0,13,49.66666666666666,0,1,0,0.52,0.3734939759036145,0.4333333333333334,2
850,75,73,74,699,4.0,9,0.0,1,0,0,4,74.0,1,2,0,0.75,0.674698795180723,0.7111111111111111,0
730,52,67,72,157,1.0,7,0.0,2,1,1,9,63.66666666666666,0,1,0,0.52,0.6024096385542169,0.6888888888888889,0
64,62,78,79,757,4.0,8,0.0,2,0,0,3,73.0,1,1,0,0.62,0.7349397590361446,0.7666666666666666,0
283,66,65,60,378,3.0,9,0.0,1,0,1,5,63.66666666666666,1,2,0,0.66,0.5783132530120483,0.5555555555555556,0
284,49,58,55,884,1.0,5,0.0,2,0,1,7,54.0,0,0,0,0.49,0.4939759036144578,0.5,0
552,66,72,70,615,2.0,7,0.0,1,0,0,14,69.33333333333333,0,1,0,0.66,0.6626506024096386,0.6666666666666666,0
527,35,44,43,151,3.0,8,0.0,2,0,1,6,40.66666666666666,1,1,0,0.35,0.3253012048192771,0.3666666666666667,2
914,94,85,82,139,2.0,7,0.0,1,1,0,8,87.0,0,1,0,0.94,0.819277108433735,0.7999999999999999,1
846,46,56,57,419,2.0,8,0.0,2,0,1,0,53.0,0,1,0,0.46,0.4698795180722892,0.5222222222222221,0
692,77,90,84,254,2.0,7,0.0,1,0,0,1,83.66666666666667,0,1,0,0.77,0.8795180722891568,0.8222222222222222,1
533,76,85,82,9,2.0,5,0.0,2,1,1,2,81.0,0,0,0,0.76,0.819277108433735,0.7999999999999999,1
842,52,59,62,167,2.0,6,0.0,1,1,1,10,57.66666666666666,0,0,0,0.52,0.5060240963855422,0.5777777777777777,0
208,91,81,79,665,4.0,7,0.0,1,1,1,11,83.66666666666667,1,1,0,0.91,0.7710843373493976,0.7666666666666666,1
787,32,51,44,755,1.0,8,0.0,1,1,0,12,42.333333333333336,0,1,0,0.32,0.4096385542168674,0.3777777777777778,2
389,72,79,77,687,1.0,5,0.0,2,0,1,13,76.0,0,0,0,0.72,0.746987951807229,0.7444444444444445,1
313,19,38,32,301,3.0,6,0.0,1,0,1,4,29.666666666666668,1,0,0,0.19,0.2530120481927711,0.2444444444444444,2
645,68,65,61,218,2.0,9,0.0,2,0,0,9,64.66666666666667,0,2,0,0.68,0.5783132530120483,0.5666666666666667,0
949,52,65,61,390,2.0,6,0.0,2,0,1,3,59.333333333333336,0,0,0,0.52,0.5783132530120483,0.5666666666666667,0
779,48,62,60,662,2.0,7,0.0,1,0,1,5,56.66666666666666,0,1,0,0.48,0.5421686746987953,0.5555555555555556,0
767,60,66,70,77,3.0,8,0.0,2,0,1,7,65.33333333333333,1,1,0,0.6,0.5903614457831325,0.6666666666666666,0
105,66,74,69,669,2.0,7,0.0,2,0,0,14,69.66666666666667,0,1,0,0.66,0.6867469879518073,0.6555555555555556,0
573,89,84,77,131,1.0,8,0.0,1,1,0,6,83.33333333333333,0,1,0,0.89,0.8072289156626508,0.7444444444444445,1
151,42,52,51,229,2.0,7,0.0,1,0,0,8,48.333333333333336,0,1,0,0.42,0.4216867469879518,0.4555555555555555,2
449,57,68,73,919,2.0,6,0.0,2,1,1,0,66.0,0,0,0,0.5700000000000001,0.6144578313253013,0.7,0
91,70,70,70,609,2.0,9,0.0,1,0,0,1,70.0,0,2,0,0.7000000000000001,0.6385542168674699,0.6666666666666666,0
385,70,84,81,941,2.0,8,0.0,2,0,0,2,78.33333333333333,0,1,0,0.7000000000000001,0.8072289156626508,0.7888888888888889,1
260,69,60,54,261,3.0,7,0.0,1,0,1,10,61.0,1,1,0,0.6900000000000001,0.5180722891566265,0.4888888888888889,0
889,52,55,57,956,2.0,6,0.0,1,0,1,11,54.66666666666666,0,0,0,0.52,0.4578313253012048,0.5222222222222221,0
892,67,73,68,798,1.0,8,0.0,1,1,1,12,69.33333333333333,0,1,0,0.67,0.674698795180723,0.6444444444444444,0
457,76,80,73,952,1.0,7,0.0,1,1,0,13,76.33333333333333,0,1,0,0.76,0.7590361445783133,0.7,1
875,87,94,95,858,2.0,8,0.0,1,0,1,4,92.0,0,1,0,0.87,0.927710843373494,0.9444444444444444,1
72,82,85,87,441,3.0,7,0.0,1,0,1,9,84.66666666666667,1,1,0,0.8200000000000001,0.819277108433735,0.8555555555555555,1
811,73,76,78,951,3.0,6,0.0,1,0,0,3,75.66666666666667,1,0,0,0.73,0.710843373493976,0.7555555555555555,1
650,75,81,74,197,3.0,7,0.0,2,0,1,5,76.66666666666667,1,1,0,0.75,0.7710843373493976,0.7111111111111111,1
174,64,74,75,41,3.0,9,0.0,2,0,1,7,71.0,1,2,0,0.64,0.6867469879518073,0.7222222222222222,0
85,41,45,40,578,2.0,7,0.0,2,0,1,14,42.0,0,1,0,0.41,0.3373493975903615,0.3333333333333333,2
78,90,75,69,498,2.0,7,0.0,1,0,1,6,78.0,0,1,0,0.9,0.6987951807228916,0.6555555555555556,1
431,59,54,51,440,4.0,8,0.0,1,0,0,8,54.66666666666666,1,1,0,0.59,0.4457831325301205,0.4555555555555555,0
769,51,31,36,279,1.0,5,0.0,1,0,0,0,39.333333333333336,0,0,0,0.51,0.1686746987951807,0.2888888888888889,2
938,45,47,49,365,2.0,7,0.0,2,0,1,1,47.0,0,1,0,0.45,0.3614457831325302,0.4333333333333334,2
891,54,64,67,601,2.0,8,0.0,1,1,1,2,61.66666666666666,0,1,0,0.54,0.5662650602409639,0.6333333333333333,0
318,87,84,76,222,1.0,9,0.0,1,1,1,10,82.33333333333333,0,2,0,0.87,0.8072289156626508,0.7333333333333333,1
350,72,80,83,485,2.0,8,0.0,1,0,1,11,78.33333333333333,0,1,0,0.72,0.7590361445783133,0.8111111111111111,1
103,94,86,87,501,1.0,7,0.0,1,1,0,12,89.0,0,1,0,0.94,0.8313253012048193,0.8555555555555555,1
339,45,59,64,382,4.0,6,0.0,1,0,1,13,56.0,1,0,0,0.45,0.5060240963855422,0.6,0
557,61,70,76,203,4.0,5,0.0,2,1,0,4,69.0,1,0,0,0.61,0.6385542168674699,0.7333333333333333,0
70,77,91,88,720,1.0,1,0.0,1,0,0,9,85.33333333333333,0,0,0,0.77,0.8915662650602411,0.8666666666666667,1
133,85,90,92,288,1.0,0,0.0,1,1,1,3,89.0,0,0,0,0.85,0.8795180722891568,0.9111111111111112,1
935,78,90,93,717,4.0,7,0.0,2,0,1,5,87.0,1,1,0,0.78,0.8795180722891568,0.9222222222222224,1
12,49,52,51,314,3.0,7,0.0,2,1,0,7,50.66666666666666,1,1,0,0.49,0.4216867469879518,0.4555555555555555,0
807,71,87,82,920,2.0,8,0.0,2,0,1,14,80.0,0,1,0,0.71,0.8433734939759038,0.7999999999999999,1
714,48,58,52,833,1.0,6,0.0,2,0,1,6,52.66666666666666,0,0,0,0.48,0.4939759036144578,0.4666666666666667,0
803,62,67,58,409,2.0,7,0.0,1,0,0,8,62.333333333333336,0,1,0,0.62,0.6024096385542169,0.5333333333333333,0
200,56,68,70,435,2.0,7,0.0,2,1,1,0,64.66666666666667,0,1,0,0.56,0.6144578313253013,0.6666666666666666,0
559,65,69,76,735,1.0,8,0.0,1,0,1,1,70.0,0,1,0,0.65,0.6265060240963856,0.7333333333333333,0
507,69,86,81,169,1.0,7,0.0,2,1,1,2,78.66666666666667,0,1,0,0.6900000000000001,0.8313253012048193,0.7888888888888889,1
564,61,60,57,238,3.0,7,0.0,2,0,1,10,59.333333333333336,1,1,0,0.61,0.5180722891566265,0.5222222222222221,0
832,74,86,89,774,4.0,6,0.0,2,1,0,11,83.0,1,0,0,0.74,0.8313253012048193,0.8777777777777778,1
468,64,60,58,158,4.0,7,0.0,1,0,0,12,60.66666666666666,1,1,0,0.64,0.5180722891566265,0.5333333333333333,0
20,77,82,89,917,2.0,8,0.0,1,1,0,13,82.66666666666667,0,1,0,0.77,0.783132530120482,0.8777777777777778,1
302,58,50,45,769,3.0,9,0.0,1,0,0,4,51.0,1,2,0,0.58,0.3975903614457832,0.3888888888888889,0
924,60,64,74,873,2.0,6,0.0,1,1,0,9,66.0,0,0,0,0.6,0.5662650602409639,0.7111111111111111,0
377,73,64,57,826,2.0,7,0.0,1,0,1,3,64.66666666666667,0,1,0,0.73,0.5662650602409639,0.5222222222222221,0
148,75,82,79,954,2.0,8,0.0,1,1,0,5,78.66666666666667,0,1,0,0.75,0.783132530120482,0.7666666666666666,1
859,58,57,53,885,2.0,9,0.0,2,1,1,7,56.0,0,2,0,0.58,0.4819277108433735,0.4777777777777778,0
156,66,77,73,794,2.0,6,0.0,1,0,0,14,72.0,0,0,0,0.66,0.7228915662650603,0.7,0
337,39,52,46,152,2.0,5,0.0,2,0,0,6,45.66666666666666,0,0,0,0.39,0.4216867469879518,0.4000000000000001,2
862,64,58,51,221,1.0,7,0.0,1,0,0,8,57.66666666666666,0,1,0,0.64,0.4939759036144578,0.4555555555555555,0
149,23,44,36,250,2.0,8,0.0,2,1,0,0,34.333333333333336,0,1,0,0.23,0.3253012048192771,0.2888888888888889,2
747,74,77,76,748,3.0,9,0.0,2,1,0,1,75.66666666666667,1,2,0,0.74,0.7228915662650603,0.7333333333333333,1
733,40,65,64,119,1.0,9,0.0,2,1,0,2,56.333333333333336,0,2,0,0.4,0.5783132530120483,0.6,0
780,90,85,84,667,2.0,7,0.0,1,0,0,10,86.33333333333333,0,1,0,0.9,0.819277108433735,0.8222222222222222,1
184,91,85,85,121,2.0,8,0.0,1,1,0,11,87.0,0,1,0,0.91,0.819277108433735,0.8333333333333334,1
837,64,54,50,81,2.0,9,0.0,1,0,0,12,56.0,0,2,0,0.64,0.4457831325301205,0.4444444444444445,0
341,59,72,68,943,2.0,7,0.0,1,0,0,13,66.33333333333333,0,1,0,0.59,0.6626506024096386,0.6444444444444444,0
863,80,75,69,355,2.0,8,0.0,1,0,0,4,74.66666666666667,0,1,0,0.8,0.6987951807228916,0.6555555555555556,0
440,71,67,67,756,2.0,9,0.0,1,0,1,9,68.33333333333333,0,2,0,0.71,0.6024096385542169,0.6333333333333333,0
251,61,68,63,198,2.0,5,0.0,1,0,0,3,64.0,0,0,0,0.61,0.6144578313253013,0.5888888888888889,0
595,87,85,93,372,3.0,7,0.0,1,0,1,5,88.33333333333333,1,1,0,0.87,0.819277108433735,0.9222222222222224,1
765,82,67,61,771,1.0,8,0.0,1,0,0,7,70.0,0,1,0,0.8200000000000001,0.6024096385542169,0.5666666666666667,0
617,62,64,55,300,1.0,9,0.0,1,0,1,14,60.333333333333336,0,2,0,0.62,0.5662650602409639,0.5,0
364,97,97,96,202,4.0,7,0.0,1,0,0,6,96.66666666666669,1,1,0,0.97,0.9638554216867472,0.9555555555555556,1
505,75,68,65,37,3.0,8,0.0,2,0,1,8,69.33333333333333,1,1,0,0.75,0.6144578313253013,0.611111111111111,0
242,65,79,81,912,4.0,7,0.0,1,0,1,0,75.0,1,1,0,0.65,0.746987951807229,0.7888888888888889,0
601,52,49,46,684,2.0,5,0.0,1,1,0,1,49.0,0,0,0,0.52,0.3855421686746988,0.4000000000000001,2
572,87,73,72,672,2.0,6,0.0,2,0,1,2,77.33333333333333,0,0,0,0.87,0.674698795180723,0.6888888888888889,1
722,53,62,53,335,2.0,7,0.0,1,0,0,10,56.0,0,1,0,0.53,0.5421686746987953,0.4777777777777778,0
643,81,86,87,134,2.0,8,0.0,2,0,1,11,84.66666666666667,0,1,0,0.81,0.8313253012048193,0.8555555555555555,1
374,39,42,38,865,4.0,5,0.0,2,1,0,12,39.66666666666666,1,0,0,0.39,0.3012048192771085,0.3111111111111111,2
427,71,71,80,619,3.0,6,0.0,1,1,0,13,74.0,1,0,0,0.71,0.6506024096385543,0.7777777777777778,0
860,97,93,91,265,2.0,9,0.0,1,0,0,4,93.66666666666669,0,2,0,0.97,0.9156626506024098,0.8999999999999999,1
919,82,82,88,533,3.0,10,0.0,1,1,0,9,84.0,1,2,0,0.8200000000000001,0.783132530120482,0.8666666666666667,1
658,59,53,52,867,2.0,7,0.0,2,0,0,3,54.66666666666666,0,1,0,0.59,0.4337349397590362,0.4666666666666667,0
232,61,42,41,452,2.0,8,0.0,1,0,1,5,48.0,0,1,0,0.61,0.3012048192771085,0.3444444444444444,2
607,78,74,72,876,2.0,8,0.0,2,1,1,7,74.66666666666667,0,1,0,0.78,0.6867469879518073,0.6888888888888889,0
629,49,51,51,628,2.0,7,0.0,2,0,1,14,50.333333333333336,0,1,0,0.49,0.4096385542168674,0.4555555555555555,0
307,59,58,47,242,2.0,8,0.0,1,0,0,6,54.66666666666666,0,1,0,0.59,0.4939759036144578,0.4111111111111111,0
392,70,72,76,354,3.0,9,0.0,1,1,0,8,72.66666666666667,1,2,0,0.7000000000000001,0.6626506024096386,0.7333333333333333,0
352,82,84,78,660,2.0,7,0.0,1,1,1,0,81.33333333333333,0,1,0,0.8200000000000001,0.8072289156626508,0.7555555555555555,1
447,90,90,82,670,2.0,8,0.0,2,0,0,1,87.33333333333333,0,1,0,0.9,0.8795180722891568,0.7999999999999999,1
955,43,62,61,65,4.0,6,0.0,2,0,0,2,55.333333333333336,1,0,0,0.43,0.5421686746987953,0.5666666666666667,0
266,80,64,66,215,3.0,8,0.0,2,0,1,10,70.0,1,1,0,0.8,0.5662650602409639,0.6222222222222222,0
228,81,82,84,563,3.0,7,0.0,1,0,1,11,82.33333333333333,1,1,0,0.81,0.783132530120482,0.8222222222222222,1
648,59,72,80,436,1.0,6,0.0,1,0,0,12,70.33333333333333,0,0,0,0.59,0.6626506024096386,0.7777777777777778,0
367,64,76,74,875,2.0,6,0.0,1,0,1,13,71.33333333333333,0,0,0,0.64,0.710843373493976,0.7111111111111111,0
243,63,64,66,460,4.0,6,0.0,1,1,1,4,64.33333333333333,1,0,0,0.63,0.5662650602409639,0.6222222222222222,0
422,71,70,70,165,4.0,7,0.0,1,1,1,9,70.33333333333333,1,1,0,0.71,0.6385542168674699,0.6666666666666666,0
269,64,73,71,511,2.0,8,0.0,2,0,1,3,69.33333333333333,0,1,0,0.64,0.674698795180723,0.6777777777777778,0
139,55,46,44,550,4.0,7,0.0,2,0,1,5,48.333333333333336,1,1,0,0.55,0.3493975903614458,0.3777777777777778,2
55,51,51,54,164,2.0,8,0.0,1,0,0,7,52.0,0,1,0,0.51,0.4096385542168674,0.4888888888888889,0
634,62,76,80,326,2.0,7,0.0,1,1,0,14,72.66666666666667,0,1,0,0.62,0.710843373493976,0.7777777777777778,0
536,54,72,59,499,2.0,7,0.0,2,0,0,6,61.66666666666666,0,1,0,0.54,0.6626506024096386,0.5444444444444444,0
92,69,65,74,773,3.0,7,0.0,2,0,0,8,69.33333333333333,1,1,0,0.6900000000000001,0.5783132530120483,0.7111111111111111,0
220,44,51,48,90,2.0,7,0.0,2,0,1,0,47.66666666666666,0,1,0,0.44,0.4096385542168674,0.4222222222222222,2
672,86,85,91,934,3.0,7,0.0,1,1,0,1,87.33333333333333,1,1,0,0.86,0.819277108433735,0.8999999999999999,1
362,85,92,85,233,2.0,7,0.0,1,0,0,2,87.33333333333333,0,1,0,0.85,0.9036144578313252,0.8333333333333334,1
883,50,67,73,405,2.0,8,0.0,2,0,0,10,63.333333333333336,0,1,0,0.5,0.6024096385542169,0.7,0
852,88,74,75,395,1.0,8,0.0,1,1,0,11,79.0,0,1,0,0.88,0.6867469879518073,0.7222222222222222,1
757,59,62,69,38,2.0,8,0.0,1,0,0,12,63.333333333333336,0,1,0,0.59,0.5421686746987953,0.6555555555555556,0
742,32,34,38,692,1.0,8,0.0,2,0,0,13,34.666666666666664,0,1,0,0.32,0.2048192771084337,0.3111111111111111,2
796,36,29,27,106,2.0,8,0.0,2,0,1,4,30.666666666666668,0,1,0,0.36,0.144578313253012,0.1888888888888888,2
437,63,78,79,434,1.0,9,0.0,2,1,1,9,73.33333333333333,0,2,0,0.63,0.7349397590361446,0.7666666666666666,0
33,67,54,63,491,2.0,8,0.0,1,1,0,3,61.333333333333336,0,1,0,0.67,0.4457831325301205,0.5888888888888889,0
21,65,78,82,897,1.0,7,0.0,1,1,1,5,75.0,0,1,0,0.65,0.7349397590361446,0.7999999999999999,0
833,85,84,89,477,2.0,5,0.0,1,0,1,7,86.0,0,0,0,0.85,0.8072289156626508,0.8777777777777778,1
526,34,48,41,258,2.0,8,0.0,2,1,1,14,41.0,0,1,0,0.34,0.3734939759036145,0.3444444444444444,2
530,93,100,100,366,4.0,6,0.0,2,1,1,6,97.66666666666669,1,0,0,0.93,1.0,1.0,1
2,67,84,84,364,1.0,7,0.0,2,0,0,8,78.33333333333333,0,1,0,0.67,0.8072289156626508,0.8222222222222222,1
18,88,77,77,109,3.0,8,0.0,1,0,0,0,80.66666666666667,1,1,0,0.88,0.7228915662650603,0.7444444444444445,1
235,57,48,51,931,2.0,5,0.0,1,0,0,1,52.0,0,0,0,0.5700000000000001,0.3734939759036145,0.4555555555555555,0
531,79,84,91,337,3.0,6,0.0,1,1,0,2,84.66666666666667,1,0,0,0.79,0.8072289156626508,0.8999999999999999,1
717,67,75,72,189,4.0,7,0.0,2,0,0,10,71.33333333333333,1,1,0,0.67,0.6987951807228916,0.6888888888888889,0
816,70,64,70,718,4.0,8,0.0,1,1,0,11,68.0,1,1,0,0.7000000000000001,0.5662650602409639,0.6666666666666666,0
141,50,42,48,742,4.0,5,0.0,2,0,1,12,46.66666666666666,1,0,0,0.5,0.3012048192771085,0.4222222222222222,2
231,69,84,82,582,3.0,6,0.0,1,0,1,13,78.33333333333333,1,0,0,0.6900000000000001,0.8072289156626508,0.7999999999999999,1
59,52,61,66,809,4.0,7,0.0,1,1,0,4,59.66666666666666,1,1,0,0.52,0.5301204819277109,0.6222222222222222,0
537,47,62,66,958,4.0,8,0.0,2,1,0,9,58.333333333333336,1,1,0,0.47,0.5421686746987953,0.6222222222222222,0
274,46,61,55,780,2.0,6,0.0,2,0,1,3,54.0,0,0,0,0.46,0.5301204819277109,0.5,0
555,68,70,66,758,3.0,7,0.0,1,0,0,5,68.0,1,1,0,0.68,0.6385542168674699,0.6222222222222222,0
417,100,100,100,296,4.0,8,0.0,1,1,1,7,100.0,1,1,0,1.0,1.0,1.0,1
631,44,61,52,289,2.0,7,0.0,1,0,1,14,52.333333333333336,0,1,0,0.44,0.5301204819277109,0.4666666666666667,0
644,57,77,80,736,2.0,8,0.0,1,1,0,6,71.33333333333333,0,1,0,0.5700000000000001,0.7228915662650603,0.7777777777777778,0
145,91,96,91,568,3.0,7,0.0,1,1,0,8,92.66666666666669,1,1,0,0.91,0.9518072289156628,0.8999999999999999,1
524,69,70,67,350,2.0,6,0.0,2,0,0,0,68.66666666666667,0,0,0,0.6900000000000001,0.6385542168674699,0.6333333333333333,0
515,35,53,46,349,2.0,8,0.0,2,0,0,1,44.66666666666666,0,1,0,0.35,0.4337349397590362,0.4000000000000001,2
172,72,66,66,53,2.0,7,0.0,1,0,0,2,68.0,0,1,0,0.72,0.5903614457831325,0.6222222222222222,0
684,54,65,65,903,2.0,6,0.0,2,0,0,10,61.333333333333336,0,0,0,0.54,0.5783132530120483,0.611111111111111,0
9,74,70,69,704,2.0,8,0.0,2,0,0,11,71.0,0,1,0,0.74,0.6385542168674699,0.6555555555555556,0
166,74,64,60,453,1.0,7,0.0,1,1,0,12,66.0,0,1,0,0.74,0.5662650602409639,0.5555555555555556,0
372,64,56,52,175,2.0,6,0.0,2,0,1,13,57.333333333333336,0,0,0,0.64,0.4698795180722892,0.4666666666666667,0
81,65,61,71,386,2.0,8,0.0,2,1,0,4,65.66666666666667,0,1,0,0.65,0.5301204819277109,0.6777777777777778,0
791,46,43,44,741,2.0,5,0.0,2,1,1,9,44.333333333333336,0,0,0,0.46,0.3132530120481928,0.3777777777777778,2
315,48,56,51,785,1.0,7,0.0,2,0,1,3,51.66666666666666,0,1,0,0.48,0.4698795180722892,0.4555555555555555,0
749,67,74,70,927,3.0,8,0.0,2,1,1,5,70.33333333333333,1,1,0,0.67,0.6867469879518073,0.6666666666666666,0
605,62,57,62,149,3.0,6,0.0,2,0,0,7,60.333333333333336,1,0,0,0.62,0.4819277108433735,0.5777777777777777,0
357,61,71,73,711,2.0,8,0.0,2,1,1,14,68.33333333333333,0,1,0,0.61,0.6506024096385543,0.7,0
495,70,75,74,443,4.0,7,0.0,2,1,0,6,73.0,1,1,0,0.7000000000000001,0.6987951807228916,0.7111111111111111,0
287,98,87,90,186,2.0,8,0.0,1,1,1,8,91.66666666666669,0,1,0,0.98,0.8433734939759038,0.8888888888888888,1
275,70,63,58,765,3.0,6,0.0,2,0,1,0,63.66666666666666,1,0,0,0.7000000000000001,0.5542168674698795,0.5333333333333333,0
454,67,57,53,463,2.0,7,0.0,1,0,0,1,59.0,0,1,0,0.67,0.4819277108433735,0.4777777777777778,0
841,57,58,57,142,2.0,8,0.0,2,0,0,2,57.333333333333336,0,1,0,0.5700000000000001,0.4939759036144578,0.5222222222222221,0
912,85,81,85,387,3.0,7,0.0,1,1,1,10,83.66666666666667,1,1,0,0.85,0.7710843373493976,0.8333333333333334,1
16,77,68,69,34,1.0,6,0.0,1,1,0,11,71.33333333333333,0,0,0,0.77,0.6144578313253013,0.6555555555555556,0
565,72,66,72,260,2.0,8,0.0,2,1,0,12,70.0,0,1,0,0.72,0.5903614457831325,0.6888888888888889,0
76,78,91,96,572,2.0,7,0.0,1,0,1,13,88.33333333333333,0,1,0,0.78,0.8915662650602411,0.9555555555555556,1
421,81,66,64,592,2.0,7,0.0,1,0,1,4,70.33333333333333,0,1,0,0.81,0.5903614457831325,0.6,0
263,61,62,61,270,1.0,8,0.0,2,1,0,9,61.333333333333336,0,1,0,0.61,0.5421686746987953,0.5666666666666667,0
169,54,61,58,878,2.0,6,0.0,1,0,0,3,57.66666666666666,0,0,0,0.54,0.5301204819277109,0.5333333333333333,0
270,82,82,80,519,2.0,9,0.0,1,0,0,5,81.33333333333333,0,2,0,0.8200000000000001,0.783132530120482,0.7777777777777778,1
716,49,58,60,473,3.0,7,0.0,2,0,0,7,55.66666666666666,1,1,0,0.49,0.4939759036144578,0.5555555555555556,0
314,49,50,52,895,1.0,8,0.0,2,1,1,14,50.333333333333336,0,1,0,0.49,0.3975903614457832,0.4666666666666667,0
743,57,75,73,525,2.0,9,0.0,2,1,0,6,68.33333333333333,0,2,0,0.5700000000000001,0.6987951807228916,0.7,0
948,94,73,71,338,2.0,7,0.0,1,0,1,8,79.33333333333333,0,1,0,0.94,0.674698795180723,0.6777777777777778,1
578,75,77,83,439,3.0,8,0.0,1,1,0,0,78.33333333333333,1,1,0,0.75,0.7228915662650603,0.8111111111111111,1
602,74,74,72,747,1.0,9,0.0,2,0,0,1,73.33333333333333,0,2,0,0.74,0.6867469879518073,0.6888888888888889,0
674,58,52,54,937,2.0,5,0.0,1,1,1,2,54.66666666666666,0,0,0,0.58,0.4216867469879518,0.4888888888888889,0
827,62,69,69,712,3.0,7,0.0,1,0,1,10,66.66666666666667,1,1,0,0.62,0.6265060240963856,0.6555555555555556,0
152,72,57,62,513,2.0,8,0.0,1,0,0,11,63.66666666666666,0,1,0,0.72,0.4819277108433735,0.5777777777777777,0
715,84,87,81,163,3.0,9,0.0,1,0,0,12,84.0,1,2,0,0.84,0.8433734939759038,0.7888888888888889,1
30,92,100,100,397,2.0,7,0.0,1,0,1,13,97.33333333333331,0,1,0,0.92,1.0,1.0,1
727,45,63,59,98,2.0,8,0.0,1,0,1,4,55.66666666666666,0,1,0,0.45,0.5542168674698795,0.5444444444444444,0
700,75,81,71,418,2.0,7,0.0,1,0,0,9,75.66666666666667,0,1,0,0.75,0.7710843373493976,0.6777777777777778,1
303,56,58,64,66,3.0,5,0.0,1,0,0,3,59.333333333333336,1,0,0,0.56,0.4939759036144578,0.6,0
406,48,54,53,480,1.0,6,0.0,2,0,0,5,51.66666666666666,0,0,0,0.48,0.4457831325301205,0.4777777777777778,0
719,100,100,100,487,2.0,7,0.0,1,0,0,7,100.0,0,1,0,1.0,1.0,1.0,1
95,65,76,75,96,1.0,8,0.0,2,1,0,14,72.0,0,1,0,0.65,0.710843373493976,0.7222222222222222,0
173,72,57,58,649,3.0,5,0.0,1,0,0,6,62.333333333333336,1,0,0,0.72,0.4819277108433735,0.5333333333333333,0
75,62,70,72,738,3.0,6,0.0,1,0,1,8,68.0,1,0,0,0.62,0.6385542168674699,0.6888888888888889,0
221,66,68,64,517,1.0,9,0.0,1,1,0,0,66.0,0,2,0,0.66,0.6144578313253013,0.6,0
452,63,63,60,607,3.0,7,0.0,1,0,0,1,62.0,1,1,0,0.63,0.5542168674698795,0.5555555555555556,0
508,68,76,67,417,2.0,6,0.0,1,0,0,2,70.33333333333333,0,0,0,0.68,0.710843373493976,0.6333333333333333,0
579,75,84,80,345,4.0,9,0.0,1,0,0,10,79.66666666666667,1,2,0,0.75,0.8072289156626508,0.7777777777777778,1
322,89,100,100,476,4.0,7,0.0,1,0,0,11,96.33333333333331,1,1,0,0.89,1.0,1.0,1
443,53,50,60,173,2.0,9,0.0,2,1,0,12,54.333333333333336,0,2,0,0.53,0.3975903614457832,0.5555555555555556,0
929,49,65,61,70,3.0,7,0.0,2,0,0,13,58.333333333333336,1,1,0,0.49,0.5783132530120483,0.5666666666666667,0
143,54,63,67,223,3.0,8,0.0,1,0,0,4,61.333333333333336,1,1,0,0.54,0.5542168674698795,0.6333333333333333,0
22,64,82,77,141,3.0,9,0.0,1,1,1,9,74.33333333333333,1,2,0,0.64,0.783132530120482,0.7444444444444445,0
391,60,62,60,379,3.0,5,0.0,2,1,0,3,60.66666666666666,1,0,0,0.6,0.5421686746987953,0.5555555555555556,0
589,62,65,58,212,2.0,7,0.0,1,0,1,5,61.66666666666666,0,1,0,0.62,0.5783132530120483,0.5333333333333333,0
499,55,41,48,101,2.0,8,0.0,1,1,0,7,48.0,0,1,0,0.55,0.2891566265060241,0.4222222222222222,2
419,91,95,94,648,2.0,9,0.0,1,0,1,14,93.33333333333331,0,2,0,0.91,0.9397590361445785,0.9333333333333332,1
204,79,85,86,796,1.0,7,0.0,1,1,1,6,83.33333333333333,0,1,0,0.79,0.819277108433735,0.8444444444444444,1
498,78,87,91,522,3.0,5,0.0,1,1,1,8,85.33333333333333,1,0,0,0.78,0.8433734939759038,0.8999999999999999,1
3,74,75,82,859,1.0,6,0.0,1,0,1,0,77.0,0,0,0,0.74,0.6987951807228916,0.7999999999999999,1
909,57,51,54,64,2.0,7,0.0,1,0,0,1,54.0,0,1,0,0.5700000000000001,0.4096385542168674,0.4888888888888889,0
553,40,59,51,256,2.0,8,0.0,1,0,0,2,50.0,0,1,0,0.4,0.5060240963855422,0.4555555555555555,2
324,81,75,76,7,1.0,5,0.0,1,1,0,10,77.33333333333333,0,0,0,0.81,0.6987951807228916,0.7333333333333333,1
560,44,45,45,362,1.0,6,0.0,2,0,0,11,44.66666666666666,0,0,0,0.44,0.3373493975903615,0.3888888888888889,2
428,67,86,83,208,3.0,9,0.0,2,1,1,12,78.66666666666667,1,2,0,0.67,0.8313253012048193,0.8111111111111111,1
210,86,81,75,870,2.0,7,0.0,2,1,1,13,80.66666666666667,0,1,0,0.86,0.7710843373493976,0.7222222222222222,1
761,65,82,78,682,1.0,8,0.0,1,1,0,4,75.0,0,1,0,0.65,0.783132530120482,0.7555555555555555,0
944,55,76,76,602,2.0,6,0.0,2,0,1,9,69.0,0,0,0,0.55,0.710843373493976,0.7333333333333333,0
334,62,72,74,124,4.0,7,0.0,2,0,1,3,69.33333333333333,1,1,0,0.62,0.6626506024096386,0.7111111111111111,0
911,63,63,62,829,2.0,8,0.0,1,0,1,5,62.66666666666666,0,1,0,0.63,0.5542168674698795,0.5777777777777777,0
309,88,99,95,642,2.0,9,0.0,1,1,0,7,94.0,0,2,0,0.88,0.9879518072289156,0.9444444444444444,1
820,62,55,55,80,2.0,5,0.0,2,0,1,14,57.333333333333336,0,0,0,0.62,0.4578313253012048,0.5,0
67,59,71,65,841,2.0,7,0.0,2,1,0,6,65.0,0,1,0,0.59,0.6506024096385543,0.611111111111111,0
439,68,78,77,815,3.0,8,0.0,1,1,0,8,74.33333333333333,1,1,0,0.68,0.7349397590361446,0.7444444444444445,0
386,77,86,86,799,3.0,10,0.0,2,0,1,0,83.0,1,2,0,0.77,0.8313253012048193,0.8444444444444444,1
